time,waist,shoulder,elbow,forearm_roll,wrist_angle,wrist_rotate,gripper
0,0,0,-5.55111512312578e-17,0,0,0,0.026
0.01,0,0,-5.55111512312578e-17,0,0,0,0.026
0.02,0,0,-5.55111512312578e-17,0,0,0,0.026
0.03,0,0,7.28961946361295e-10,0,2.8239477272536e-10,0,0.026
0.04,0,0,2.69145855602559e-09,0,1.04265227795568e-09,0,0.026
0.05,0,0,6.82926132311579e-09,0,2.64560824802999e-09,0,0.026
0.06,0,1.11022302462516e-16,1.43529643170659e-08,0,5.56023842195456e-09,0,0.026
0.07,0,4.9960036108132e-16,2.67417927246605e-08,0,1.03595843408396e-08,0,0.026
0.08,0,1.60982338570648e-15,4.57433694811549e-08,0,1.77206629951008e-08,0,0.026
0.09,0,4.44089209850063e-15,7.3373438824742e-08,0,2.84243597644808e-08,0,0.026
0.1,0,1.07136521876328e-14,1.11915548106634e-07,0,4.33553050524187e-08,0,0.026
0.11,0,2.36477504245158e-14,1.63920685414265e-07,0,6.3501734235656e-08,0,0.026
0.12,0,4.84612350248881e-14,2.3220687767056e-07,0,8.99553316937361e-08,0,0.026
0.13,0,9.35918009759007e-14,3.19858743436097e-07,0,1.23911057756959e-07,0,0.026
0.14,0,1.71918035363205e-13,4.30227004855066e-07,0,1.6666695992973e-07,0,0.026
0.15,0,3.02369240756661e-13,5.66927956968666e-07,0,2.19623967087072e-07,0,0.026
0.16,0,5.12256903562047e-13,7.33842894395931e-07,0,2.8428566786047e-07,0,0.026
0.17,0,8.39883718128931e-13,9.35117495381999e-07,0,3.62258072090838e-07,0,0.026
0.18,0,1.33776323352208e-12,1.17516116432403e-06,0,4.55249356332467e-07,0,0.026
0.19,0,2.07667216756136e-12,1.45864633166459e-06,0,5.65069592969831e-07,0,0.026
0.2,0,3.15036885467634e-12,1.79050771070832e-06,0,6.9363046264506e-07,0,0.026
0.21,0,4.68114436102951e-12,2.17594151291634e-06,0,8.42944950883632e-07,0,0.026
0.22,0,6.82631728921024e-12,2.6204046210121e-06,0,1.01512702806323e-06,0,0.026
0.23,0,9.78600533940721e-12,3.12961371967679e-06,0,1.21239131319797e-06,0,0.026
0.24,0,1.38117850490005e-11,3.70954438361215e-06,0,1.437052721459e-06,0,0.026
0.25,0,1.92167393109344e-11,4.36643012430293e-06,0,1.69152609558005e-06,0,0.026
0.26,0,2.63870036931735e-11,5.10676139348076e-06,0,1.97832582074537e-06,0,0.026
0.27,0,3.57946450257884e-11,5.93728454595377e-06,0,2.30006542374757e-06,0,0.026
0.28,0,4.80122608337297e-11,6.8650007589155e-06,0,2.65945715536853e-06,0,0.026
0.29,0,6.37294106375919e-11,7.89716491017556e-06,0,3.05931155722643e-06,0,0.026
0.3,0,8.37708236112178e-11,9.04128441397978e-06,0,3.50253701203992e-06,0,0.026
0.31,0,1.09116715663049e-10,1.030511801553e-05,0,3.99213927813733e-06,0,0.026
0.32,0,1.40925215941223e-10,1.16966745424274e-05,0,4.53122100761794e-06,0,0.026
0.33,0,1.80557124807024e-10,1.32242116152592e-05,0,5.1229812486703e-06,0,0.026
0.34,0,2.29603280832436e-10,1.48962343162196e-05,0,5.77071493181889e-06,0,0.026
0.35,0,2.89914203754904e-10,1.67214938159854e-05,0,6.47781234032719e-06,0,0.026
0.36,0,3.63632901567712e-10,1.87089859584044e-05,0,7.24775856434315e-06,0,0.026
0.37,0,4.53230286634465e-10,2.08679498043263e-05,0,8.08413293951726e-06,0,0.026
0.38,0,5.61543755939198e-10,2.32078661336899e-05,0,8.99060846963158e-06,0,0.026
0.39,0,6.91819102005553e-10,2.57384559056439e-05,0,9.97095123328107e-06,0,0.026
0.4,0,8.47755698973884e-10,2.84696786780336e-05,0,1.10290197749684e-05,0,0.026
0.41,0,1.03355535241434e-09,3.14117309851425e-05,0,1.21687644803319e-05,0,0.026
0.42,0,1.25397470185362e-09,3.45750446741344e-05,0,1.33942269357281e-05,0,0.026
0.43,0,1.51438184214925e-09,3.7970285199973e-05,0,1.47095392721631e-05,0,0.026
0.44,0,1.82081660859978e-09,4.16083498805953e-05,0,1.61189234936095e-05,0,0.026
0.45,0,2.18005563601409e-09,4.55003661098963e-05,0,1.76266907897928e-05,0,0.026
0.46,0,2.59968119253884e-09,4.96576895300804e-05,0,1.92372408335302e-05,0,0.026
0.47,0,3.08815517602312e-09,5.40919021633779e-05,0,2.0955061062475e-05,0,0.026
0.48,0,3.65489760678628e-09,5.88148105031272e-05,0,2.27847259454859e-05,0,0.026
0.49,0,4.31037011638935e-09,6.38384435646677e-05,0,2.47308962339329e-05,0,0.026
0.5,0,5.0661645989436e-09,6.91750508942657e-05,0,2.67983181973336e-05,0,0.026
0.51,0,5.93509702495609e-09,7.48371005402926e-05,0,2.89918228439964e-05,0,0.026
0.52,0,6.93130708384615e-09,8.0837276981327e-05,0,3.13163251264785e-05,0,0.026
0.53,0,8.07036310002118e-09,8.71884790165089e-05,0,3.37768231319386e-05,0,0.026
0.54,0,9.36937294415685e-09,9.39038176148155e-05,0,3.63783972575116e-05,0,0.026
0.55,0,1.08471012172373e-08,0.000100996613724813,0,3.91262093704666e-05,0,0.026
0.56,0,1.25240920967329e-08,0.000108480396044885,0,4.20255019539163e-05,0,0.026
0.57,0,1.4422799232694e-08,0.000116368898753716,0,4.50815972374261e-05,0,0.026
0.58,0,1.65677214725157e-08,0.000124676059201467,0,4.82998963128344e-05,0,0.026
0.59,0,1.89855460797084e-08,0.000133416015562104,0,5.16858782355956e-05,0,0.026
0.6,0,2.1705298114405e-08,0.000142603104447081,0,5.52450991114977e-05,0,0.026
0.61,0,2.47584975854309e-08,0.00015225185847928,0,5.89831911687939e-05,0,0.026
0.62,0,2.81793233192218e-08,0.00016237700382854,0,6.29058618160124e-05,0,0.026
0.63,0,3.20047844892812e-08,0.000172993457709658,0,6.70188926853475e-05,0,0.026
0.64,0,3.62748997506657e-08,0.00018411632584131,0,7.13281386618984e-05,0,0.026
0.65,0,4.10328841460306e-08,0.000195760899867004,0,7.58395268987486e-05,0,0.026
0.66,0,4.63253437277267e-08,0.000207942654739168,0,8.05590558179746e-05,0,0.026
0.67,0,5.22024784510577e-08,0.000220677246064394,0,8.54927940977133e-05,0,0.026
0.68,0,5.87182933386998e-08,0.000233980507412246,0,9.06468796453319e-05,0,0.026
0.69,0,6.59308178052598e-08,0.000247868447586341,0,9.60275185569259e-05,0,0.026
0.7,0,7.39023338081068e-08,0.000262357247859668,0,0.000101640984063142,0,0.026
0.71,0,8.2699612380388e-08,0.000277463259171495,0,0.000107493615461463,0,0.026
0.72,0,9.23941592123612e-08,0.00029320299929031,0,0.000113591817035002,0,0.026
0.73,0,1.03062469281046e-07,0.000309593149938114,0,0.000119942056958078,0,0.026
0.74,0,1.14786290250635e-07,0.000326650553881425,0,0.00012655086618858,0,0.026
0.75,0,1.27652895365316e-07,0.000344392211984956,0,0.000133424837347345,0,0.026
0.76,0,1.41755365723473e-07,0.0003628352802309,0,0.000140570623584244,0,0.026
0.77,0,1.57192881822255e-07,0.000381997066703554,0,0.000147994937431845,0,0.026
0.78,0,1.74071025038636e-07,0.000401895028538657,0,0.000155704549646206,0,0.026
0.79,0,1.92502088491864e-07,0.000422546768838961,0,0.000163706288035075,0,0.026
0.8,0,2.12605397897914e-07,0.000443970033555841,0,0.000172007036273706,0,0.026
0.81,0,2.34507642304926e-07,0.000466182708336926,0,0.000180613732708241,0,0.026
0.82,0,2.58343214987189e-07,0.000489202815342205,0,0.00018953336914732,0,0.026
0.83,0,2.8425456427561e-07,0.00051304851002415,0,0.000198772989641165,0,0.026
0.84,0,3.12392554546737e-07,0.000537738077878325,0,0.000208339689249183,0,0.026
0.85,0,3.429168378144e-07,0.000563289931160449,0,0.000218240612795684,0,0.026
0.86,0,3.75996235202347e-07,0.000589722605572163,0,0.000228482953614117,0,0.026
0.87,0,4.11809129352569e-07,0.000617054756915036,0,0.000239073952279768,0,0.026
0.88,0,4.50543866770126e-07,0.000645305157714826,0,0.000250020895331546,0,0.026
0.89,0,4.92399171159175e-07,0.000674492693813089,0,0.000261331113982043,0,0.026
0.9,0,5.37584567084082e-07,0.000704636360931488,0,0.000273011982817563,0,0.026
0.91,0,5.86320814288666e-07,0.000735755261204341,0,0.000285070918486532,0,0.026
0.92,0,6.38840352729098e-07,0.000767868599682975,0,0.000297515378377936,0,0.026
0.93,0,6.95387758209431e-07,0.000800995680811212,0,0.000310352859289043,0,0.026
0.94,0,7.56220208675273e-07,0.000835155904872875,0,0.000323590896083121,0,0.026
0.95,0,8.21607961387638e-07,0.0008703687644111,0,0.00033723706033693,0,0.026
0.96,0,8.91834840588412e-07,0.000906653840620997,0,0.000351298958978439,0,0.026
0.97,0,9.67198735990493e-07,0.000944030799714557,0,0.000365784232914852,0,0.026
0.98,0,1.04801211192607e-06,0.000982519389260694,0,0.000380700555651356,0,0.026
0.99,0,1.13460252709752e-06,0.00102213943449864,0,0.000396055631900099,0,0.026
1,0,1.2273131650975e-06,0.00106291083462667,0,0.000411857196180862,0,0.026
1.01,0,1.32650337536511e-06,0.00110485355906581,0,0.000428113011411911,0,0.026
1.02,0,1.43254922491121e-06,0.00114798764369989,0,0.000444830867493173,0,0.026
1.03,0,1.54584406025782e-06,0.00119233318709194,0,0.000462018579880065,0,0.026
1.04,0,1.66679908003564e-06,0.0012379103466777,0,0.000479683988149671,0,0.026
1.05,0,1.79584391801768e-06,0.00128473933493684,0,0.000497834954558574,0,0.026
1.06,0,1.93342723603385e-06,0.00133284041554255,0,0.00051647936259311,0,0.026
1.07,0,2.08001732759922e-06,0.00138223389948994,0,0.000535625115511784,0,0.026
1.08,0,2.23610273131225e-06,0.0014329401412036,0,0.000555280134880379,0,0.026
1.09,0,2.40219285430054e-06,0.00148497953462651,0,0.00057545235910011,0,0.026
1.1,0,2.57881860576958e-06,0.00153837250928851,0,0.000596149741928612,0,0.026
1.11,0,2.76653303993291e-06,0.00159313952635681,0,0.000617380250994545,0,0.026
1.12,0,2.96591200887875e-06,0.00164930107466826,0,0.000639151866305239,0,0.026
1.13,0,3.17755482487359e-06,0.00170687766674521,0,0.000661472578748847,0,0.026
1.14,0,3.40208493188054e-06,0.00176588983479403,0,0.000684350388590038,0,0.026
1.15,0,3.64015058640366e-06,0.00182635812668835,0,0.00070779330396009,0,0.026
1.16,0,3.89242554721392e-06,0.00188830310193649,0,0.000731809339341532,0,0.026
1.17,0,4.15960977412366e-06,0.00195174532763581,0,0.000756406514047829,0,0.026
1.18,0,4.44243013503209e-06,0.00201670537441218,0,0.00078159285069762,0,0.026
1.19,0,4.74164112201914e-06,0.002083203812347,0,0.0008073763736848,0,0.026
1.2,0,5.0580255749888e-06,0.00215126120689207,0,0.000833765107643807,0,0.026
1.21,0,5.3923954139723e-06,0.00222089811477305,0,0.00086076707591082,0,0.026
1.22,0,5.74559237892514e-06,0.0022921350798823,0,0.000888390298981249,0,0.026
1.23,0,6.11848877718479e-06,0.00236499262916151,0,0.000916642792963359,0,0.026
1.24,0,6.51198823831134e-06,0.00243949126847592,0,0.00094553256802867,0,0.026
1.25,0,6.92702647597798e-06,0.00251565147847982,0,0.000975067626859319,0,0.026
1.26,0,7.36457205685603e-06,0.00259349371047429,0,0.00100525596309248,0,0.026
1.27,0,7.82562717593915e-06,0.0026730383822588,0,0.00103610555976237,0,0.026
1.28,0,8.31122843814036e-06,0.00275430587397713,0,0.00106762438774007,0,0.026
1.29,0,8.82244764621731e-06,0.00283731652395763,0,0.0010998204041713,0,0.026
1.3,0,9.36039259413768e-06,0.00292209062454968,0,0.00113270155091263,0,0.026
1.31,0,9.92620786599563e-06,0.00300864841795628,0,0.0011662757529661,0,0.026
1.32,0,1.05210756400909e-05,0.00309701009206592,0,0.0012005509169132,0,0.026
1.33,0,1.11462164978371e-05,0.00318719577628007,0,0.00123553492934764,0,0.026
1.34,0,1.18028902372225e-05,0.003279225537343,0,0.00127123565530784,0,0.026
1.35,0,1.24923966902113e-05,0.0033731193751691,0,0.00130766093670938,0,0.026
1.36,0,1.32160765443645e-05,0.00346889721867266,0,0.00134481859077708,0,0.026
1.37,0,1.3975312167569e-05,0.00356657892159967,0,0.0013827164084783,0,0.026
1.38,0,1.47715284362637e-05,0.00366618425836135,0,0.00142136215295608,0,0.026
1.39,0,1.56061935661089e-05,0.00376773291987326,0,0.00146076355796408,0,0.026
1.4,0,1.64808199453192e-05,0.00387124450939663,0,0.00150092832630242,0,0.026
1.41,0,1.73969649699401e-05,0.00397673853838793,0,0.00154186412825538,0,0.026
1.42,0,1.83562318806785e-05,0.00408423442235234,0,0.00158357860003101,0,0.026
1.43,0,1.93602706012874e-05,0.0041937514767067,0,0.00162607934220294,0,0.026
1.44,0,2.0410778577562e-05,0.00430530891265007,0,0.00166937391815516,0,0.026
1.45,0,2.15095016168343e-05,0.0044189258330431,0,0.00171346985252929,0,0.026
1.46,0,2.2658234727746e-05,0.00453462122829834,0,0.00175837462967529,0,0.026
1.47,0,2.3858822959355e-05,0.00465241397228161,0,0.00180409569210587,0,0.026
1.48,0,2.51131622398537e-05,0.00477232281822521,0,0.00185064043895452,0,0.026
1.49,0,2.64232002137876e-05,0.00489436639465518,0,0.00189801622443801,0,0.026
1.5,0,2.77909370777207e-05,0.00501856320133082,0,0.00194623035632317,0,0.026
1.51,0,2.92184264140127e-05,0.00514493160520119,0,0.00199529009439887,0,0.026
1.52,0,3.07077760220431e-05,0.00527348983637682,0,0.0020452026489529,0,0.026
1.53,0,3.2261148746271e-05,0.00540425598411803,0,0.00209597517925442,0,0.026
1.54,0,3.38807633012417e-05,0.00553724799284167,0,0.00214761479204228,0,0.026
1.55,0,3.55688950925415e-05,0.00567248365814671,0,0.00220012854001985,0,0.026
1.56,0,3.73278770336438e-05,0.00580998062285948,0,0.00225352342035547,0,0.026
1.57,0,3.91601003577047e-05,0.00594975637310075,0,0.00230780637319093,0,0.026
1.58,0,4.10680154244725e-05,0.00609182823437265,0,0.00236298428015588,0,0.026
1.59,0,4.30541325213696e-05,0.00623621336767072,0,0.0024190639628908,0,0.026
1.6,0,4.51210226583565e-05,0.00638292876561847,0,0.00247605218157701,0,0.026
1.61,0,4.72713183561901e-05,0.00653199124862652,0,0.00253395563347528,0,0.026
1.62,0,4.95077144276879e-05,0.00668341746107898,0,0.00259278095147277,0,0.026
1.63,0,5.18329687513863e-05,0.00683722386754421,0,0.0026525347026386,0,0.026
1.64,0,5.42499030369847e-05,0.00699342674901587,0,0.00271322338678902,0,0.026
1.65,0,5.6761403582406e-05,0.00715204219918081,0,0.0027748534350615,0,0.026
1.66,0,5.93704220218094e-05,0.00731308612071685,0,0.00283743120849901,0,0.026
1.67,0,6.20799760639446e-05,0.00747657422162268,0,0.00290096299664434,0,0.026
1.68,0,6.48931502207906e-05,0.00764252201157717,0,0.00296545501614458,0,0.026
1.69,0,6.7813096525482e-05,0.0078109447983325,0,0.00303091340936687,0,0.026
1.7,0,7.08430352392431e-05,0.007981857684141,0,0.00309734424302482,0,0.026
1.71,0,7.39862555471649e-05,0.00815527556221601,0,0.00316475350681671,0,0.026
1.72,0,7.72461162417692e-05,0.00833121311322732,0,0.00323314711207497,0,0.026
1.73,0,8.06260463941388e-05,0.00850968480183462,0,0.00330253089042834,0,0.026
1.74,0,8.41295460123348e-05,0.00869070487325735,0,0.00337291059247585,0,0.026
1.75,0,8.77601866863809e-05,0.00887428734988233,0,0.00344429188647387,0,0.026
1.76,0,9.15216122191476e-05,0.00906044602791173,0,0.00351668035703609,0,0.026
1.77,0,9.54175392433032e-05,0.00924919447404976,0,0.00359008150384676,0,0.026
1.78,0,9.94517578230547e-05,0.00944054602223127,0,0.00366450074038776,0,0.026
1.79,0,0.000103628132040789,0.00963451377039254,0,0.00373994339267957,0,0.026
1.8,0,0.000107950600567841,0.0098311105772832,0,0.00381641469803626,0,0.026
1.81,0,0.000112423177219101,0.0100303490593238,0,0.00389391980383572,0,0.026
1.82,0,0.000117049951490922,0.0102322415875066,0,0.00397246376630398,0,0.026
1.83,0,0.000121835089081812,0.0104368002843426,0,0.00405205154931545,0,0.026
1.84,0,0.000126782832395478,0.010644037020854,0,0.00413268802320825,0,0.026
1.85,0,0.000131897501025879,0.0108539634136148,0,0.00421437796361533,0,0.026
1.86,0,0.000137183492223636,0.0110665908218388,0,0.00429712605031197,0,0.026
1.87,0,0.000142645281343445,0.0112819303445161,0,0.00438093686607961,0,0.026
1.88,0,0.000148287422272353,0.0114999928176007,0,0.00446581489558602,0,0.026
1.89,0,0.000154114547837814,0.0117207888112462,0,0.00455176452428286,0,0.026
1.9,0,0.000160131370195715,0.0119443286270954,0,0.00463879003732043,0,0.026
1.91,0,0.000166342681197473,0.0121706222956199,0,0.00472689561847971,0,0.026
1.92,0,0.000172753352736366,0.012399679573513,0,0.00481608534912255,0,0.026
1.93,0,0.000179368337071939,0.0126315099411375,0,0.00490636320715976,0,0.026
1.94,0,0.000186192667132767,0.0128661226000261,0,0.00499773306603762,0,0.026
1.95,0,0.000193231456796839,0.0131035264704375,0,0.00509019869374305,0,0.026
1.96,0,0.000200489901148959,0.0133437301889685,0,0.00518376375182768,0,0.026
1.97,0,0.000207973276715567,0.0135867421062227,0,0.00527843179445114,0,0.026
1.98,0,0.000215686941675564,0.0138325702845363,0,0.00537420626744368,0,0.026
1.99,0,0.00022363633604755,0.0140812224957607,0,0.00547109050738843,0,0.026
2,0,0.000231826981853034,0.014332706219106,0,0.00556908774072387,0,0.026
2.01,0,0.000240264483254649,0.0145870286390412,0,0.00566820108286615,0,0.026
2.02,0,0.000248954526670009,0.0148441966432557,0,0.00576843353735204,0,0.026
2.03,0,0.000257902880860028,0.0151042168206807,0,0.00586978799500238,0,0.026
2.04,0,0.000267115396991702,0.0153670954595723,0,0.00597226723310659,0,0.026
2.05,0,0.000276598008675299,0.0156328385456554,0,0.00607587391462823,0,0.026
2.06,0,0.000286356731975246,0.0159014517603297,0,0.00618061058743168,0,0.026
2.07,0,0.000296397665394521,0.0161729404789401,0,0.00628647968353095,0,0.026
2.08,0,0.000306726989832584,0.0164473097691075,0,0.00639348351835948,0,0.026
2.09,0,0.000317350968516039,0.0167245643891267,0,0.00650162429006267,0,0.026
2.1,0,0.000328275946902434,0.017004708786426,0,0.00661090407881218,0,0.026
2.11,0,0.000339508352556084,0.0172877470960925,0,0.0067213248461426,0,0.026
2.12,0,0.000351054694996633,0.0175736831394634,0,0.00683288843431101,0,0.026
2.13,0,0.000362921565519592,0.0178625204227811,0,0.00694559656567886,0,0.026
2.14,0,0.000375115636988499,0.0181542621359165,0,0.0070594508421174,0,0.026
2.15,0,0.000387643663599002,0.0184489111511574,0,0.00717445274443562,0,0.026
2.16,0,0.000400512480614235,0.0187464700220645,0,0.00729060363183199,0,0.026
2.17,0,0.00041372900407155,0.0190469409823936,0,0.00740790474136932,0,0.026
2.18,0,0.000427300230460448,0.0193503259450873,0,0.0075263571874735,0,0.026
2.19,0,0.000441233236371297,0.0196566265013324,0,0.00764596196145598,0,0.026
2.2,0,0.000455535178115141,0.0199658439196874,0,0.00776671993106014,0,0.026
2.21,0,0.000470213291314081,0.0202779791452771,0,0.0078886318400317,0,0.026
2.22,0,0.000485274890462184,0.0205930327990566,0,0.00801169830771355,0,0.026
2.23,0,0.000500727368457021,0.0209110051771448,0,0.00813591982866473,0,0.026
2.24,0,0.000516578196101736,0.0212318962502258,0,0.00826129677230412,0,0.026
2.25,0,0.000532834921577185,0.0215557056630213,0,0.00838782938257848,0,0.026
2.26,0,0.000549505169884612,0.0218824327338313,0,0.00851551777765545,0,0.026
2.27,0,0.000566596642258332,0.0222120764541457,0,0.00864436194964129,0,0.026
2.28,0,0.000584117115549065,0.0225446354883247,0,0.0087743617643235,0,0.026
2.29,0,0.000602074441576894,0.0228801081733496,0,0.00890551696093854,0,0.026
2.3,0,0.000620476546454918,0.0232184925186447,0,0.00903782715196474,0,0.026
2.31,0,0.000639331429882928,0.0235597862059675,0,0.00917129182294018,0,0.026
2.32,0,0.000658647164411219,0.0239039865893717,0,0.00930591033230627,0,0.026
2.33,0,0.000678431894674925,0.0242510906952375,0,0.00944168191127618,0,0.026
2.34,0,0.00069869383659843,0.0246010952223745,0,0.00957860566372896,0,0.026
2.35,0,0.000719441276570476,0.024953996542194,0,0.00971668056612935,0,0.026
2.36,0,0.000740682570589457,0.0253097906989518,0,0.00985590546747259,0,0.026
2.37,0,0.000762426143379513,0.0256684734100605,0,0.00999627908925522,0,0.026
2.38,0,0.000784680487477318,0.0260300400664727,0,0.0101378000254714,0,0.026
2.39,0,0.0008074541622895,0.0263944857331344,0,0.0102804667426348,0,0.026
2.4,0,0.000830755793121252,0.0267618051495066,0,0.010424277579826,0,0.026
2.41,0,0.000854594070176018,0.0271319927301596,0,0.010569230748766,0,0.026
2.42,0,0.000878977747526377,0.0275050425654337,0,0.0107153243339151,0,0.026
2.43,0,0.000903915642056385,0.0278809484221718,0,0.0108625562925975,0,0.026
2.44,0,0.00092941663237589,0.0282597037445195,0,0.0110109244551517,0,0.026
2.45,0,0.00095548965770631,0.028641301654795,0,0.0111604265251064,0,0.026
2.46,0,0.000982143716738881,0.029025734954428,0,0.0113110600793823,0,0.026
2.47,0,0.00100938786646504,0.029412996124966,0,0.0114628225685195,0,0.026
2.48,0,0.0010372312209796,0.0298030773291502,0,0.01161571131693,0,0.026
2.49,0,0.00106568295025666,0.0301959704120573,0,0.011769723523177,0,0.026
2.5,0,0.00109475227889871,0.0305916669023114,0,0.0119248562602781,0,0.026
2.51,0,0.00112444848485937,0.0309901580133606,0,0.0120811064760354,0,0.026
2.52,0,0.00115478089813964,0.0313914346448216,0,0.0122384709933901,0,0.026
2.53,0,0.00118575889945854,0.031795487383891,0,0.0123969465108029,0,0.026
2.54,0,0.00121739191889803,0.0322023065068215,0,0.0125565296026598,0,0.026
2.55,0,0.00124968943452258,0.0326118819804652,0,0.0127172167197023,0,0.026
2.56,0,0.0012826609709744,0.0330242034638803,0,0.0128790041894839,0,0.026
2.57,0,0.00131631609804372,0.0334392603100037,0,0.0130418882168507,0,0.026
2.58,0,0.00135066442921511,0.0338570415673871,0,0.0132058648844472,0,0.026
2.59,0,0.00138571562019046,0.0342775359819968,0,0.0133709301532472,0,0.026
2.6,0,0.00142147936738829,0.0347007319990773,0,0.0135370798631088,0,0.026
2.61,0,0.00145796540642062,0.0351266177650761,0,0.0137043097333547,0,0.026
2.62,0,0.00149518351054723,0.0355551811296324,0,0.0138726153633764,0,0.026
2.63,0,0.00153314348910816,0.035986409647625,0,0.0140419922332629,0,0.026
2.64,0,0.00157185518593472,0.0364202905812824,0,0.0142124357044537,0,0.026
2.65,0,0.00161132847773959,0.0368568109023537,0,0.0143839410204159,0,0.026
2.66,0,0.00165157327248638,0.0372959572943367,0,0.0145565033073446,0,0.026
2.67,0,0.00169259950773931,0.0377377161547673,0,0.0147301175748879,0,0.026
2.68,0,0.00173441714899358,0.0381820735975666,0,0.0149047787168948,0,0.026
2.69,0,0.00177703618798647,0.0386290154554436,0,0.0150804815121864,0,0.026
2.7,0,0.00182046664099039,0.0390785272823574,0,0.0152572206253514,0,0.026
2.71,0,0.00186471854708808,0.0395305943560346,0,0.0154349906075628,0,0.026
2.72,0,0.00190980196643042,0.0399852016805408,0,0.0156137858974195,0,0.026
2.73,0,0.00195572697847751,0.0404423339889086,0,0.0157936008218082,0,0.026
2.74,0,0.00200250368022387,0.0409019757458182,0,0.0159744295967903,0,0.026
2.75,0,0.00205014218440797,0.041364111150332,0,0.0161562663285086,0,0.026
2.76,0,0.00209865261770686,0.0418287241386807,0,0.0163391050141179,0,0.026
2.77,0,0.00214804511891636,0.042295798387101,0,0.0165229395427359,0,0.026
2.78,0,0.00219832983711787,0.0427653173147248,0,0.0167077636964165,0,0.026
2.79,0,0.00224951692983189,0.043237264086517,0,0.0168935711511445,0,0.026
2.8,0,0.00230161656115896,0.0437116216162629,0,0.0170803554778504,0,0.026
2.81,0,0.00235463889990928,0.0441883725696041,0,0.0172681101434471,0,0.026
2.82,0,0.00240859411772071,0.0446674993671209,0,0.0174568285118867,0,0.026
2.83,0,0.0024634923871667,0.0451489841874617,0,0.0176465038452372,0,0.026
2.84,0,0.00251934387985397,0.0456328089705166,0,0.0178371293047803,0,0.026
2.85,0,0.00257615876451162,0.046118955420638,0,0.0180286979521275,0,0.026
2.86,0,0.00263394720507115,0.0466074050099018,0,0.018221202750357,0,0.026
2.87,0,0.00269271935873938,0.047098138981414,0,0.0184146365651692,0,0.026
2.88,0,0.0027524853740637,0.0475911383526572,0,0.0186089921660611,0,0.026
2.89,0,0.0028132553889913,0.0480863839188791,0,0.0188042622275194,0,0.026
2.9,0,0.00287503952892282,0.0485838562565199,0,0.0190004393302321,0,0.026
2.91,0,0.0029378479047607,0.0490835357266792,0,0.0191975159623179,0,0.026
2.92,0,0.00300169061095351,0.0495854024786213,0,0.0193954845205734,0,0.026
2.93,0,0.00306657772353686,0.0500894364533159,0,0.0195943373117378,0,0.026
2.94,0,0.00313251929817127,0.0505956173870161,0,0.0197940665537743,0,0.026
2.95,0,0.00319952536817819,0.051103924814871,0,0.0199946643771692,0,0.026
2.96,0,0.00326760594257464,0.0516143380745717,0,0.0201961228262462,0,0.026
2.97,0,0.00333677100410712,0.0521268363100317,0,0.0203984338604977,0,0.026
2.98,0,0.00340703050728597,0.0526413984750968,0,0.0206015893559317,0,0.026
2.99,0,0.00347839437642028,0.0531580033372882,0,0.0208055811064339,0,0.026
3,0,0.00355087250365471,0.0536766294815744,0,0.0210104008251454,0,0.026
3.01,0,0.00362447474700861,0.0541972553141718,0,0.0212160401458543,0,0.026
3.02,0,0.00369921092841818,0.0547198590663735,0,0.0214224906244028,0,0.026
3.03,0,0.00377509083178257,0.0552444187984044,0,0.0216297437401071,0,0.026
3.04,0,0.00385212420101472,0.0557709124033025,0,0.0218377908971926,0,0.026
3.05,0,0.00393032073809751,0.056299317610825,0,0.0220466234262407,0,0.026
3.06,0,0.00400969010114599,0.0568296119913766,0,0.0222562325856495,0,0.026
3.07,0,0.00409024190247659,0.057361772959962,0,0.0224666095631075,0,0.026
3.08,0,0.00417198570668398,0.0578957777801589,0,0.0226777454770781,0,0.026
3.09,0,0.00425493102872632,0.0584316035681118,0,0.0228896313782977,0,0.026
3.1,0,0.0043390873320196,0.0589692272965451,0,0.0231022582512839,0,0.026
3.11,0,0.00442446402654195,0.0595086257987946,0,0.0233156170158555,0,0.026
3.12,0,0.00451107046694865,0.0600497757728553,0,0.0235296985286626,0,0.026
3.13,0,0.00459891595069833,0.0605926537854464,0,0.0237444935847281,0,0.026
3.14,0,0.00468800971619165,0.0611372362760917,0,0.023959992918998,0,0.026
3.15,0,0.00477836094092254,0.0616834995612129,0,0.0241761872079017,0,0.026
3.16,0,0.00486997873964323,0.062231419838236,0,0.0243930670709215,0,0.026
3.17,0,0.00496287216254365,0.0627809731897108,0,0.0246106230721711,0,0.026
3.18,0,0.00505705019344593,0.0633321355874394,0,0.0248288457219816,0,0.026
3.19,0,0.00515252174801456,0.0638848828966163,0,0.0250477254784964,0,0.026
3.2,0,0.0052492956719834,0.0644391908799759,0,0.025267252749273,0,0.026
3.21,0,0.00534738073939972,0.0649950352019485,0,0.0254874178928928,0,0.026
3.22,0,0.00544678565088624,0.0655523914328222,0,0.0257082112205761,0,0.026
3.23,0,0.00554751903192202,0.0661112350529109,0,0.0259296229978053,0,0.026
3.24,0,0.00564958943114263,0.0666715414567267,0,0.0261516434459527,0,0.026
3.25,0,0.00575300531866052,0.0672332859571553,0,0.0263742627439144,0,0.026
3.26,0,0.00585777508440605,0.067796443789635,0,0.026597471029749,0,0.026
3.27,0,0.00596390703649013,0.0683609901163353,0,0.0268212584023217,0,0.026
3.28,0,0.00607140939958906,0.0689269000303376,0,0.0270456149229514,0,0.026
3.29,0,0.00618029031335204,0.0694941485598146,0,0.0272705306170635,0,0.026
3.3,0,0.00629055783083238,0.0700627106722073,0,0.0274959954758444,0,0.026
3.31,0,0.00640221991694268,0.0706325612784006,0,0.0277219994579,0,0.026
3.32,0,0.00651528444693517,0.0712036752368945,0,0.0279485324909171,0,0.026
3.33,0,0.0066297592049071,0.0717760273579699,0,0.0281755844733262,0,0.026
3.34,0,0.00674565188233256,0.0723495924078509,0,0.0284031452759666,0,0.026
3.35,0,0.00686297007662079,0.0729243451128578,0,0.0286312047437533,0,0.026
3.36,0,0.00698172128970215,0.0735002601635539,0,0.0288597526973443,0,0.026
3.37,0,0.0071019129266417,0.0740773122188835,0,0.0290887789348083,0,0.026
3.38,0,0.00722355229428151,0.0746554759103008,0,0.0293182732332938,0,0.026
3.39,0,0.0073466465999123,0.0752347258458865,0,0.0295482253506964,0,0.026
3.4,0,0.0074712029499745,0.0758150366144547,0,0.0297786250273271,0,0.026
3.41,0,0.00759722834878962,0.0763963827896467,0,0.0300094619875778,0,0.026
3.42,0,0.00772472969732285,0.0769787389340112,0,0.0302407259415869,0,0.026
3.43,0,0.0078537137919768,0.0775620796030709,0,0.0304724065869025,0,0.026
3.44,0,0.00798418732341705,0.0781463793493719,0,0.0307044936101428,0,0.026
3.45,0,0.00811615687543066,0.0787316127265205,0,0.0309369766886547,0,0.026
3.46,0,0.00824962892381714,0.0793177542931993,0,0.0311698454921691,0,0.026
3.47,0,0.00838460983531336,0.0799047786171673,0,0.0314030896844522,0,0.026
3.48,0,0.00852110586655219,0.0804926602792419,0,0.031636698924954,0,0.026
3.49,0,0.00865912316305573,0.0810813738772588,0,0.0318706628704513,0,0.026
3.5,0,0.00879866775826349,0.0816708940300137,0,0.0321049711766873,0,0.026
3.51,0,0.00893974557259603,0.0822611953811815,0,0.0323396135000052,0,0.026
3.52,0,0.00908236241255428,0.082852252603214,0,0.0325745794989771,0,0.026
3.53,0,0.0092265239698554,0.0834440404012133,0,0.0328098588360265,0,0.026
3.54,0,0.00937223582060526,0.0840365335167831,0,0.0330454411790453,0,0.026
3.55,0,0.00951950342450786,0.0846297067318539,0,0.0332813162030035,0,0.026
3.56,0,0.00966833212411244,0.0852235348724836,0,0.0335174735915524,0,0.026
3.57,0,0.00981872714409859,0.0858179928126321,0,0.0337539030386207,0,0.026
3.58,0,0.00997069359059938,0.0864130554779074,0,0.0339905942500021,0,0.026
3.59,0,0.0101242364505632,0.0870086978492861,0,0.0342275369449358,0,0.026
3.6,0,0.0102793605911546,0.0876048949668042,0,0.0344647208576784,0,0.026
3.61,0,0.0104360707591944,0.0882016219332186,0,0.0347021357390659,0,0.026
3.62,0,0.0105943715806396,0.0887988539176391,0,0.0349397713580683,0,0.026
3.63,0,0.0107542675601023,0.08939656615913,0,0.0351776175033336,0,0.026
3.64,0,0.0109157630804101,0.0899947339702797,0,0.0354156639847221,0,0.026
3.65,0,0.0110788624022063,0.0905933327407388,0,0.0356539006348308,0,0.026
3.66,0,0.0112435696635902,0.0911923379407255,0,0.0358923173105071,0,0.026
3.67,0,0.0114098888797997,0.0917917251244972,0,0.0361309038943514,0,0.026
3.68,0,0.0115778239429337,0.092391469933789,0,0.0363696502962092,0,0.026
3.69,0,0.011747378621717,0.0929915481012173,0,0.0366085464546508,0,0.026
3.7,0,0.0119185565613059,0.0935919354536467,0,0.0368475823384399,0,0.026
3.71,0,0.0120913612831361,0.0941926079155244,0,0.0370867479479893,0,0.026
3.72,0,0.0122657961848125,0.0947935415121743,0,0.0373260333168046,0,0.026
3.73,0,0.0124418645400406,0.0953947123730574,0,0.0375654285129152,0,0.026
3.74,0,0.0126195694986008,0.0959960967349924,0,0.0378049236402917,0,0.026
3.75,0,0.0127989140863644,0.0965976709453395,0,0.03804450884025,0,0.026
3.76,0,0.0129799012053524,0.0971994114651455,0,0.0382841742928422,0,0.026
3.77,0,0.013162533633837,0.0978012948722484,0,0.0385239102182325,0,0.026
3.78,0,0.0133468140264854,0.0984032978643443,0,0.0387637068780598,0,0.026
3.79,0,0.0135327449145459,0.0990053972620128,0,0.0390035545767853,0,0.026
3.8,0,0.0137203287060778,0.099607570011702,0,0.0392434436630247,0,0.026
3.81,0,0.0139095676862232,0.100209793188673,0,0.0394833645308664,0,0.026
3.82,0,0.0141004640175215,0.100812043999901,0,0.039723307621173,0,0.026
3.83,0,0.0142930197402672,0.10141429978694,0,0.0399632634228684,0,0.026
3.84,0,0.0144872367729103,0.102016538028733,0,0.0402032224742077,0,0.026
3.85,0,0.014683116912499,0.102618736344395,0,0.0404431753640321,0,0.026
3.86,0,0.0148806618351657,0.103220872495942,0,0.0406831127330062,0,0.026
3.87,0,0.0150798730966551,0.103822924390977,0,0.04092302527484,0,0.026
3.88,0,0.015280752132895,0.104424870085339,0,0.0411629037374923,0,0.026
3.89,0,0.0154833002606097,0.105026687785699,0,0.0414027389243586,0,0.026
3.9,0,0.0156875186779758,0.105628355852116,0,0.0416425216954405,0,0.026
3.91,0,0.0158934084653196,0.10622985280055,0,0.0418822429684981,0,0.026
3.92,0,0.0161009705858574,0.106831157305323,0,0.0421218937201842,0,0.026
3.93,0,0.0163102058864772,0.10743224820154,0,0.0423614649871606,0,0.026
3.94,0,0.0165211150985626,0.108033104487462,0,0.0426009478671968,0,0.026
3.95,0,0.0167336988388578,0.108633705326834,0,0.0428403335202492,0,0.026
3.96,0,0.0169479576103741,0.109234030051163,0,0.0430796131695224,0,0.026
3.97,0,0.0171638918033382,0.109834058161955,0,0.0433187781025118,0,0.026
3.98,0,0.0173815016961806,0.110433769332899,0,0.0435578196720266,0,0.026
3.99,0,0.0176007874565653,0.111033143412008,0,0.0437967292971945,0,0.026
4,0,0.0178217491424599,0.111632160423709,0,0.0440354984644462,0,0.026
4.01,0,0.0180443867032457,0.112230800570892,0,0.0442741187284813,0,0.026
4.02,0,0.0182686999808678,0.112829044236901,0,0.0445125817132141,0,0.026
4.03,0,0.0184946887110252,0.113426871987488,0,0.0447508791126994,0,0.026
4.04,0,0.0187223525243999,0.114024264572708,0,0.044989002692039,0,0.026
4.05,0,0.0189516909479249,0.114621202928778,0,0.0452269442882678,0,0.026
4.06,0,0.0191827034060911,0.115217668179874,0,0.0454646958112197,0,0.026
4.07,0,0.0194153892222926,0.11581364163989,0,0.0457022492443732,0,0.026
4.08,0,0.0196497476202103,0.116409104814147,0,0.0459395966456769,0,0.026
4.09,0,0.0198857777252319,0.117004039401044,0,0.0461767301483538,0,0.026
4.1,0,0.0201234785659106,0.117598427293672,0,0.0464136419616856,0,0.026
4.11,0,0.0203628490754598,0.118192250581377,0,0.0466503243717761,0,0.026
4.12,0,0.0206038880932844,0.118785491551262,0,0.0468867697422936,0,0.026
4.13,0,0.020846594366548,0.119378132689658,0,0.0471229705151924,0,0.026
4.14,0,0.0210909665517759,0.119970156683533,0,0.0473589192114132,0,0.026
4.15,0,0.0213370032164935,0.120561546421857,0,0.0475946084315628,0,0.026
4.16,0,0.021584702840898,0.121152284996917,0,0.0478300308565726,0,0.026
4.17,0,0.0218340638195663,0.121742355705582,0,0.0480651792483351,0,0.026
4.18,0,0.0220850844631949,0.12233174205052,0,0.04830004645032,0,0.026
4.19,0,0.0223377630003744,0.122920427741369,0,0.0485346253881689,0,0.026
4.2,0,0.0225920975793953,0.12350839669585,0,0.0487689090702682,0,0.026
4.21,0,0.0228480862700876,0.124095633040841,0,0.0490028905883006,0,0.026
4.22,0,0.0231057270656905,0.124682121113397,0,0.0492365631177755,0,0.026
4.23,0,0.0233650178847548,0.125267845461723,0,0.0494699199185377,0,0.026
4.24,0,0.0236259565730747,0.125852790846092,0,0.0497029543352549,0,0.026
4.25,0,0.0238885409056506,0.126436942239726,0,0.0499356597978829,0,0.026
4.26,0,0.0241527685886806,0.127020284829618,0,0.0501680298221099,0,0.026
4.27,0,0.0244186372615817,0.127602804017313,0,0.0504000580097795,0,0.026
4.28,0,0.0246861444990387,0.128184485419632,0,0.0506317380492912,0,0.026
4.29,0,0.0249552878130817,0.128765314869355,0,0.0508630637159806,0,0.026
4.3,0,0.0252260646551899,0.129345278415857,0,0.0510940288724764,0,0.026
4.31,0,0.0254984724184225,0.129924362325687,0,0.0513246274690381,0,0.026
4.32,0,0.0257725084395755,0.130502553083108,0,0.0515548535438698,0,0.026
4.33,0,0.0260481700013643,0.131079837390587,0,0.0517847012234146,0,0.026
4.34,0,0.0263254543346297,0.131656202169234,0,0.0520141647226261,0,0.026
4.35,0,0.0266043586205698,0.132231634559198,0,0.0522432383452192,0,0.026
4.36,0,0.0268848799929939,0.132806121920015,0,0.0524719164838998,0,0.026
4.37,0,0.0271670155406001,0.133379651830908,0,0.0527001936205718,0,0.026
4.38,0,0.0274507623092745,0.133952212091039,0,0.052928064326525,0,0.026
4.39,0,0.0277361173044123,0.134523790719717,0,0.0531555232625997,0,0.026
4.4,0,0.0280230774932599,0.135094375956562,0,0.0533825651793314,0,0.026
4.41,0,0.0283116398072764,0.135663956261616,0,0.053609184917074,0,0.026
4.42,0,0.0286018011445153,0.136232520315413,0,0.0538353774061023,0,0.026
4.43,0,0.028893558372025,0.136800057019006,0,0.0540611376666928,0,0.026
4.44,0,0.029186908328267,0.137366555493938,0,0.0542864608091847,0,0.026
4.45,0,0.0294818478255521,0.137932005082185,0,0.0545113420340191,0,0.026
4.46,0,0.0297783736524926,0.138496395346036,0,0.0547357766317585,0,0.026
4.47,0,0.0300764825764718,0.139059716067941,0,0.054959759983085,0,0.026
4.48,0,0.0303761713461274,0.139621957250312,0,0.0551832875587782,0,0.026
4.49,0,0.0306774366938504,0.140183109115276,0,0.0554063549196725,0,0.026
4.5,0,0.0309802753382983,0.140743162104389,0,0.0556289577165949,0,0.026
4.51,0,0.0312846839869204,0.141302106878306,0,0.0558510916902819,0,0.026
4.52,0,0.0315906593384968,0.141859934316405,0,0.0560727526712761,0,0.026
4.53,0,0.0318981980856885,0.14241663551637,0,0.0562939365798039,0,0.026
4.54,0,0.0322072969175989,0.142972201793737,0,0.0565146394256324,0,0.026
4.55,0,0.0325179525223454,0.143526624681385,0,0.0567348573079072,0,0.026
4.56,0,0.0328301615896412,0.144079895929001,0,0.0569545864149701,0,0.026
4.57,0,0.0331439208133857,0.14463200750249,0,0.0571738230241581,0,0.026
4.58,0,0.0334592268942631,0.145182951583355,0,0.0573925635015822,0,0.026
4.59,0,0.0337760765423482,0.145732720568026,0,0.0576108043018882,0,0.026
4.6,0,0.0340944664797202,0.146281307067158,0,0.057828541967997,0,0.026
4.61,0,0.0344143934430809,0.146828703904882,0,0.0580457731308277,0,0.026
4.62,0,0.0347358541863798,0.147374904118021,0,0.0582624945090005,0,0.026
4.63,0,0.0350588454834426,0.147919900955265,0,0.0584787029085221,0,0.026
4.64,0,0.0353833641306042,0.148463687876306,0,0.0586943952224519,0,0.026
4.65,0,0.0357094069493452,0.149006258550936,0,0.0589095684305509,0,0.026
4.66,0,0.0360369707889301,0.149547606858106,0,0.0591242195989112,0,0.026
4.67,0,0.0363660525290478,0.150087726884951,0,0.059338345879569,0,0.026
4.68,0,0.036696649082453,0.150626612925767,0,0.0595519445100987,0,0.026
4.69,0,0.0370287573976078,0.151164259480966,0,0.0597650128131902,0,0.026
4.7,0,0.0373623744613233,0.151700661255983,0,0.0599775481962082,0,0.026
4.71,0,0.0376974973013998,0.15223581316015,0,0.0601895481507347,0,0.026
4.72,0,0.0380341229892651,0.152769710305535,0,0.0604010102520943,0,0.026
4.73,0,0.0383722486426107,0.153302348005749,0,0.0606119321588621,0,0.026
4.74,0,0.0387118714280246,0.153833721774706,0,0.0608223116123563,0,0.026
4.75,0,0.0390529885636202,0.154363827325366,0,0.0610321464361123,0,0.026
4.76,0,0.0393955973216605,0.154892660568428,0,0.061241434535342,0,0.026
4.77,0,0.0397396950311779,0.155420217610996,0,0.0614501738963767,0,0.026
4.78,0,0.0400852790805863,0.155946494755216,0,0.0616583625860932,0,0.026
4.79,0,0.0404323469202887,0.156471488496868,0,0.0618659987513252,0,0.026
4.8,0,0.040780896065276,0.156995195523939,0,0.0620730806182584,0,0.026
4.81,0,0.0411309240977181,0.157517612715153,0,0.0622796064918104,0,0.026
4.82,0,0.0414824286695472,0.158038737138476,0,0.0624855747549956,0,0.026
4.83,0,0.0418354075050308,0.158558566049586,0,0.0626909838682748,0,0.026
4.84,0,0.0421898584033353,0.159077096890316,0,0.0628958323688901,0,0.026
4.85,0,0.0425457792410792,0.159594327287059,0,0.0631001188701857,0,0.026
4.86,0,0.0429031679748744,0.160110255049152,0,0.0633038420609131,0,0.026
4.87,0,0.043262022643856,0.160624878167226,0,0.0635070007045233,0,0.026
4.88,0,0.0436223413722003,0.161138194811523,0,0.0637095936384445,0,0.026
4.89,0,0.0439841223716287,0.161650203330194,0,0.0639116197733461,0,0.026
4.9,0,0.0443473639438978,0.162160902247556,0,0.0641130780923886,0,0.026
4.91,0,0.0447120644832766,0.162670290262335,0,0.0643139676504609,0,0.026
4.92,0,0.0450782224790068,0.163178366245866,0,0.0645142875734044,0,0.026
4.93,0,0.0454458365177492,0.163685129240283,0,0.0647140370572229,0,0.026
4.94,0,0.0458149052860131,0.164190578456665,0,0.0649132153672812,0,0.026
4.95,0,0.0461854275725693,0.164694713273168,0,0.0651118218374908,0,0.026
4.96,0,0.0465574022708455,0.16519753323313,0,0.065309855869482,0,0.026
4.97,0,0.0469308283813048,0.16569903804314,0,0.065507316931766,0,0.026
4.98,0,0.0473057050138043,0.166199227571097,0,0.0657042045588828,0,0.026
4.99,0,0.0476820313899359,0.166698101844233,0,0.0659005183505393,0,0.026
5,0,0.0480598068453477,0.167195661047119,0,0.0660962579707346,0,0.026
5.01,0,0.0484390308220634,0.16769190550658,0,0.0662914231417376,0,0.026
5.02,0,0.0488197027603682,0.168186835546542,0,0.0664860135869327,0,0.026
5.03,0,0.0492018219881776,0.168680451345166,0,0.0666800289746615,0,0.026
5.04,0,0.0495853877088599,0.169172752923844,0,0.0668734689139841,0,0.026
5.05,0,0.0499703989989856,0.169663740149354,0,0.0670663329556178,0,0.026
5.06,0,0.0503568548060997,0.170153412736032,0,0.0672586205928846,0,0.026
5.07,0,0.0507447539465167,0.17064177024797,0,0.067450331262671,0,0.026
5.08,0,0.0511340951031402,0.171128812101229,0,0.0676414643463953,0,0.026
5.09,0,0.0515248768233063,0.171614537566074,0,0.0678320191709863,0,0.026
5.1,0,0.051917097516652,0.172098945769231,0,0.0680219950098704,0,0.026
5.11,0,0.052310755453009,0.172582035696163,0,0.0682113910839681,0,0.026
5.12,0,0.0527058487603233,0.173063806193357,0,0.0684002065626991,0,0.026
5.13,0,0.0531023754226015,0.173544255970641,0,0.0685884405649966,0,0.026
5.14,0,0.0535003332778837,0.174023383603512,0,0.0687760921603296,0,0.026
5.15,0,0.0538997200162439,0.174501187535481,0,0.0689631603697332,0,0.026
5.16,0,0.0543005331778189,0.174977666080433,0,0.0691496441668473,0,0.026
5.17,0,0.0547027701508649,0.175452817425013,0,0.0693355424789624,0,0.026
5.18,0,0.0551064281698436,0.175926639631014,0,0.069520854188073,0,0.026
5.19,0,0.0555115043135381,0.176399130637791,0,0.0697055781319381,0,0.026
5.2,0,0.0559179955031983,0.176870288264683,0,0.0698897131051487,0,0.026
5.21,0,0.0563258985007172,0.177340110213452,0,0.0700732578602015,0,0.026
5.22,0,0.0567352099068385,0.177808594070736,0,0.070256211108579,0,0.026
5.23,0,0.0571459261593954,0.178275737310512,0,0.0704385715218361,0,0.026
5.24,0,0.0575580435315818,0.178741537296573,0,0.0706203377326917,0,0.026
5.25,0,0.0579715581302565,0.179205991285019,0,0.070801508336126,0,0.026
5.26,0,0.0583864658942796,0.179669096426757,0,0.0709820818904836,0,0.026
5.27,0,0.0588027625928839,0.180130849770008,0,0.0711620569185803,0,0.026
5.28,0,0.0592204438240793,0.180591248262832,0,0.071341431908816,0,0.026
5.29,0,0.0596395050130927,0.181050288755659,0,0.07152020531629,0,0.026
5.3,0,0.0600599414108427,0.181507968003823,0,0.0716983755639223,0,0.026
5.31,0,0.0604817480924503,0.181964282670116,0,0.0718759410435774,0,0.026
5.32,0,0.0609049199557853,0.182419229327339,0,0.0720529001171917,0,0.026
5.33,0,0.0613294517200504,0.182872804460864,0,0.0722292511179042,0,0.026
5.34,0,0.0617553379244012,0.183325004471207,0,0.07240499235119,0,0.026
5.35,0,0.0621825729266047,0.183775825676599,0,0.0725801220959965,0,0.026
5.36,0,0.0626111509017359,0.184225264315567,0,0.0727546386058811,0,0.026
5.37,0,0.0630410658409128,0.184673316549519,0,0.0729285401101517,0,0.026
5.38,0,0.0634723115500707,0.185119978465333,0,0.0731018248150083,0,0.026
5.39,0,0.063904881648776,0.185565246077947,0,0.0732744909046858,0,0.026
5.4,0,0.0643387695690798,0.186009115332958,0,0.0734465365425982,0,0.026
5.41,0,0.0647739685544126,0.186451582109215,0,0.073617959872483,0,0.026
5.42,0,0.0652104716585195,0.186892642221417,0,0.0737887590195464,0,0.026
5.43,0,0.0656482717444365,0.187332291422717,0,0.0739589320916079,0,0.026
5.44,0,0.0660873614835096,0.187770525407319,0,0.0741284771802454,0,0.026
5.45,0,0.0665277333544554,0.188207339813074,0,0.0742973923619392,0,0.026
5.46,0,0.0669693796424644,0.188642730224086,0,0.0744656756992153,0,0.026
5.47,0,0.067412292438348,0.1890766921733,0,0.074633325241787,0,0.026
5.48,0,0.0678564636377284,0.189509221145103,0,0.0748003390276958,0,0.026
5.49,0,0.0683018849402729,0.189940312577911,0,0.0749667150844499,0,0.026
5.5,0,0.0687485478489723,0.190369961866759,0,0.0751324514301604,0,0.026
5.51,0,0.0691964436694641,0.190798164365886,0,0.0752975460746753,0,0.026
5.52,0,0.0696455635094012,0.191224915391308,0,0.0754619970207107,0,0.026
5.53,0,0.070095898277865,0.191650210223398,0,0.0756258022649787,0,0.026
5.54,0,0.070547438684826,0.192074044109449,0,0.0757889597993118,0,0.026
5.55,0,0.0710001752406492,0.192496412266237,0,0.075951467611784,0,0.026
5.56,0,0.0714540982556468,0.192917309882571,0,0.0761133236878273,0,0.026
5.57,0,0.0719091978396778,0.19333673212184,0,0.0762745260113439,0,0.026
5.58,0,0.0723654639017943,0.193754674124549,0,0.0764350725658138,0,0.026
5.59,0,0.0728228861499366,0.194171131010845,0,0.076594961335398,0,0.026
5.6,0,0.0732814540906746,0.194586097883037,0,0.0767541903060349,0,0.026
5.61,0,0.0737411570289985,0.194999569828098,0,0.0769127574665324,0,0.026
5.62,0,0.0742019840681579,0.195411541920165,0,0.0770706608096538,0,0.026
5.63,0,0.0746639241095492,0.19582200922302,0,0.0772278983331967,0,0.026
5.64,0,0.0751269658526523,0.196230966792561,0,0.0773844680410665,0,0.026
5.65,0,0.0755910977950167,0.196638409679261,0,0.077540367944342,0,0.026
5.66,0,0.0760563082322973,0.197044332930614,0,0.0776955960623347,0,0.026
5.67,0,0.0765225852583394,0.197448731593563,0,0.0778501504236397,0,0.026
5.68,0,0.076989916765314,0.197851600716916,0,0.07800402906718,0,0.026
5.69,0,0.0774582904439041,0.198252935353749,0,0.0781572300432418,0,0.026
5.7,0,0.07792769378354,0.198652730563785,0,0.0783097514145017,0,0.026
5.71,0,0.0783981140726863,0.199050981415765,0,0.0784615912570459,0,0.026
5.72,0,0.0788695383991797,0.199447682989799,0,0.0786127476613793,0,0.026
5.73,0,0.079341953650617,0.199842830379695,0,0.0787632187334268,0,0.026
5.74,0,0.0798153465147949,0.200236418695279,0,0.0789130025955237,0,0.026
5.75,0,0.0802897034802013,0.200628443064683,0,0.0790620973873975,0,0.026
5.76,0,0.0807650108365569,0.201018898636627,0,0.0792105012671392,0,0.026
5.77,0,0.0812412546754095,0.201407780582671,0,0.0793582124121641,0,0.026
5.78,0,0.0817184208907794,0.201795084099453,0,0.0795052290201625,0,0.026
5.79,0,0.0821964951798562,0.202180804410903,0,0.0796515493100391,0,0.026
5.8,0,0.0826754630437483,0.202564936770431,0,0.0797971715228418,0,0.026
5.81,0,0.0831553097882832,0.202947476463106,0,0.0799420939226785,0,0.026
5.82,0,0.0836360205248604,0.203328418807796,0,0.0800863147976232,0,0.026
5.83,0,0.0841175801713556,0.203707759159295,0,0.0802298324606093,0,0.026
5.84,0,0.084599973453078,0.204085492910426,0,0.0803726452503115,0,0.026
5.85,0,0.0850831849037778,0.204461615494116,0,0.0805147515320151,0,0.026
5.86,0,0.0855671988667074,0.204836122385445,0,0.0806561496984725,0,0.026
5.87,0,0.0860519994957331,0.205209009103679,0,0.0807968381707476,0,0.026
5.88,0,0.0865375707564996,0.205580271214268,0,0.0809368153990462,0,0.026
5.89,0,0.087023896427646,0.205949904330819,0,0.0810760798635342,0,0.026
5.9,0,0.0875109601020731,0.206317904117049,0,0.0812146300751414,0,0.026
5.91,0,0.0879987451882634,0.206684266288703,0,0.0813524645763522,0,0.026
5.92,0,0.0884872349116513,0.207048986615449,0,0.0814895819419823,0,0.026
5.93,0,0.0889764123160462,0.207412060922748,0,0.0816259807799413,0,0.026
5.94,0,0.0894662602651053,0.207773485093684,0,0.0817616597319807,0,0.026
5.95,0,0.0899567614438593,0.208133255070784,0,0.081896617474428,0,0.026
5.96,0,0.0904478983602875,0.208491366857789,0,0.0820308527189059,0,0.026
5.97,0,0.0909396533469449,0.208847816521408,0,0.0821643642130362,0,0.026
5.98,0,0.0914320085626391,0.209202600193043,0,0.0822971507411295,0,0.026
5.99,0,0.0919249459941583,0.209555714070474,0,0.0824292111248591,0,0.026
6,0,0.0924184474580488,0.209907154419523,0,0.0825605442239198,0,0.026
6.01,0,0.0929124946024432,0.210256917575682,0,0.082691148936671,0,0.026
6.02,0,0.0934070689089375,0.210604999945712,0,0.0828210242007647,0,0.026
6.03,0,0.0939021516945183,0.210951398009208,0,0.0829501689937567,0,0.026
6.04,0,0.0943977241135387,0.211296108320137,0,0.0830785823337026,0,0.026
6.05,0,0.0948937671597433,0.211639127508336,0,0.0832062632797379,0,0.026
6.06,0,0.0953902616683417,0.211980452280989,0,0.0833332109326411,0,0.026
6.07,0,0.0958871883181296,0.212320079424056,0,0.0834594244353807,0,0.026
6.08,0,0.0963845276336588,0.212658005803687,0,0.0835849029736468,0,0.026
6.09,0,0.0968822599874534,0.212994228367584,0,0.0837096457763642,0,0.026
6.1,0,0.0973803656022744,0.213328744146346,0,0.0838336521161905,0,0.026
6.11,0,0.0978788245534298,0.213661550254769,0,0.0839569213099968,0,0.026
6.12,0,0.0983776167711318,0.213992643893119,0,0.0840794527193316,0,0.026
6.13,0,0.0988767220428989,0.214322022348365,0,0.0842012457508674,0,0.026
6.14,0,0.099376120016005,0.214649682995384,0,0.0843222998568311,0,0.026
6.15,0,0.0998757901999712,0.214975623298127,0,0.0844426145354163,0,0.026
6.16,0,0.100375711969104,0.215299840810751,0,0.0845621893311797,0,0.026
6.17,0,0.100875864565078,0.215622333178716,0,0.0846810238354187,0,0.026
6.18,0,0.101376227099556,0.215943098139851,0,0.0847991176865335,0,0.026
6.19,0,0.101876778556865,0.216262133525379,0,0.0849164705703703,0,0.026
6.2,0,0.102377497796696,0.21657943726091,0,0.0850330822205481,0,0.026
6.21,0,0.102878363556867,0.216895007367401,0,0.085148952418768,0,0.026
6.22,0,0.103379354456107,0.217208841962072,0,0.0852640809951048,0,0.026
6.23,0,0.103880448996896,0.217520939259299,0,0.0853784678282814,0,0.026
6.24,0,0.104381625568337,0.217831297571459,0,0.0854921128459257,0,0.026
6.25,0,0.10488286244907,0.21813991530975,0,0.08560501602481,0,0.026
6.26,0,0.105384137810224,0.218446790984966,0,0.0857171773910731,0,0.026
6.27,0,0.105885429718407,0.218751923208247,0,0.0858285970204249,0,0.026
6.28,0,0.106386716138738,0.219055310691778,0,0.0859392750383335,0,0.026
6.29,0,0.106887974937908,0.219356952249472,0,0.086049211620195,0,0.026
6.3,0,0.107389183887284,0.219656846797597,0,0.086158406991486,0,0.026
6.31,0,0.107890320666044,0.219954993355386,0,0.0862668614278985,0,0.026
6.32,0,0.108391362864353,0.220251391045594,0,0.086374575255458,0,0.026
6.33,0,0.108892287986563,0.220546039095035,0,0.0864815488506235,0,0.026
6.34,0,0.109393073454459,0.220838936835071,0,0.0865877826403713,0,0.026
6.35,0,0.109893696610526,0.221130083702075,0,0.0866932771022613,0,0.026
6.36,0,0.110394134721255,0.221419479237852,0,0.0867980327644854,0,0.026
6.37,0,0.110894364980479,0.221707123090027,0,0.0869020502059007,0,0.026
6.38,0,0.111394364512737,0.221993015012402,0,0.0870053300560439,0,0.026
6.39,0,0.11189411037667,0.222277154865267,0,0.0871078729951301,0,0.026
6.4,0,0.112393579568444,0.222559542615691,0,0.0872096797540345,0,0.026
6.41,0,0.112892749025203,0.222840178337765,0,0.0873107511142573,0,0.026
6.42,0,0.113391595628547,0.223119062212816,0,0.0874110879078724,0,0.026
6.43,0,0.113890096208038,0.223396194529591,0,0.0875106910174592,0,0.026
6.44,0,0.114388227544729,0.223671575684397,0,0.0876095613760188,0,0.026
6.45,0,0.114885966374723,0.223945206181215,0,0.0877076999668734,0,0.026
6.46,0,0.115383289392745,0.224217086631774,0,0.0878051078235497,0,0.026
6.47,0,0.115880173255754,0.224487217755599,0,0.0879017860296471,0,0.026
6.48,0,0.116376594586557,0.224755600380019,0,0.0879977357186889,0,0.026
6.49,0,0.11687252997746,0.225022235440143,0,0.088092958073959,0,0.026
6.5,0,0.117367955993931,0.225287123978806,0,0.0881874543283225,0,0.026
6.51,0,0.117862849178284,0.225550267146479,0,0.0882812257640315,0,0.026
6.52,0,0.118357186053382,0.22581166620115,0,0.0883742737125146,0,0.026
6.53,0,0.118850943126361,0.226071322508169,0,0.088466599554153,0,0.026
6.54,0,0.119344096892358,0.226329237540064,0,0.0885582047180406,0,0.026
6.55,0,0.119836623838271,0.226585412876325,0,0.0886490906817299,0,0.026
6.56,0,0.120328500446524,0.226839850203157,0,0.0887392589709634,0,0.026
6.57,0,0.120819703198846,0.227092551313201,0,0.0888287111593907,0,0.026
6.58,0,0.121310208580064,0.227343518105225,0,0.0889174488682716,0,0.026
6.59,0,0.12179999308191,0.227592752583787,0,0.0890054737661653,0,0.026
6.6,0,0.122289033206834,0.227840256858863,0,0.0890927875686056,0,0.026
6.61,0,0.122777305471833,0.228086033145453,0,0.0891793920377633,0,0.026
6.62,0,0.123264786412281,0.228330083763149,0,0.0892652889820948,0,0.026
6.63,0,0.123751452585774,0.228572411135685,0,0.089350480255978,0,0.026
6.64,0,0.12423728057598,0.228813017790447,0,0.0894349677593347,0,0.026
6.65,0,0.12472224699649,0.229051906357965,0,0.0895187534372416,0,0.026
6.66,0,0.125206328494679,0.229289079571371,0,0.0896018392795279,0,0.026
6.67,0,0.125689501755572,0.229524540265835,0,0.0896842273203612,0,0.026
6.68,0,0.126171743505708,0.229758291377968,0,0.0897659196378212,0,0.026
6.69,0,0.126653030517006,0.229990335945207,0,0.0898469183534623,0,0.026
6.7,0,0.127133339610638,0.230220677105167,0,0.0899272256318643,0,0.026
6.71,0,0.127612647660898,0.230449318094971,0,0.0900068436801722,0,0.026
6.72,0,0.128090931599065,0.230676262250557,0,0.0900857747476246,0,0.026
6.73,0,0.128568168417271,0.230901513005954,0,0.0901640211250723,0,0.026
6.74,0,0.129044335172365,0.231125073892541,0,0.0902415851444856,0,0.026
6.75,0,0.129519408989768,0.231346948538282,0,0.090318469178452,0,0.026
6.76,0,0.129993367067327,0.231567140666932,0,0.0903946756396639,0,0.026
6.77,0,0.130466186679159,0.231785654097226,0,0.0904702069803965,0,0.026
6.78,0,0.130937845179497,0.232002492742046,0,0.0905450656919765,0,0.026
6.79,0,0.131408320006512,0.232217660607565,0,0.0906192543042418,0,0.026
6.8,0,0.131877588686141,0.232431161792366,0,0.090692775384992,0,0.026
6.81,0,0.132345628835894,0.232643000486551,0,0.0907656315394309,0,0.026
6.82,0,0.132812418168658,0.232853180970819,0,0.0908378254096001,0,0.026
6.83,0,0.133277934496483,0.233061707615532,0,0.0909093596738054,0,0.026
6.84,0,0.133742155734353,0.233268584879758,0,0.0909802370460346,0,0.026
6.85,0,0.134205059903954,0.233473817310298,0,0.0910504602753685,0,0.026
6.86,0,0.134666625137409,0.233677409540691,0,0.0911200321453846,0,0.026
6.87,0,0.135126829681015,0.233879366290212,0,0.0911889554735537,0,0.026
6.88,0,0.13558565189895,0.234079692362839,0,0.0912572331106301,0,0.026
6.89,0,0.136043070276965,0.234278392646213,0,0.0913248679400357,0,0.026
6.9,0,0.136499063426062,0.234475472110583,0,0.0913918628772377,0,0.026
6.91,0,0.136953610086143,0.234670935807731,0,0.0914582208691207,0,0.026
6.92,0,0.137406689129646,0.234864788869883,0,0.0915239448933534,0,0.026
6.93,0,0.137858279565153,0.235057036508609,0,0.0915890379577503,0,0.026
6.94,0,0.138308360540978,0.235247684013711,0,0.0916535030996282,0,0.026
6.95,0,0.13875691134873,0.235436736752088,0,0.0917173433851582,0,0.026
6.96,0,0.139203911426852,0.235624200166604,0,0.0917805619087139,0,0.026
6.97,0,0.139649340364131,0.235810079774928,0,0.0918431617922146,0,0.026
6.98,0,0.140093177903189,0.235994381168376,0,0.0919051461844659,0,0.026
6.99,0,0.140535403943932,0.236177110010737,0,0.091966518260496,0,0.026
7,0,0.140975998546987,0.236358272037083,0,0.0920272812208892,0,0.026
7.01,0,0.141414941937098,0.236537873052582,0,0.0920874382911169,0,0.026
7.02,0,0.141852214506496,0.236715918931292,0,0.092146992720865,0,0.026
7.03,0,0.142287796818237,0.236892415614949,0,0.0922059477833602,0,0.026
7.04,0,0.142721669609505,0.237067369111748,0,0.0922643067746935,0,0.026
7.05,0,0.143153813794888,0.237240785495119,0,0.0923220730131425,0,0.026
7.06,0,0.143584210469615,0.237412670902487,0,0.0923792498384912,0,0.026
7.07,0,0.14401284091276,0.237583031534041,0,0.0924358406113506,0,0.026
7.08,0,0.14443968659041,0.237751873651481,0,0.092491848712476,0,0.026
7.09,0,0.144864729158797,0.23791920357677,0,0.0925472775420857,0,0.026
7.1,0,0.145287950467393,0.23808502769088,0,0.0926021305191782,0,0.026
7.11,0,0.145709332561964,0.238249352432529,0,0.0926564110808497,0,0.026
7.12,0,0.146128857687593,0.238412184296921,0,0.0927101226816119,0,0.026
7.13,0,0.14654650829165,0.238573529834478,0,0.0927632687927098,0,0.026
7.14,0,0.146962267026739,0.238733395649573,0,0.0928158529014411,0,0.026
7.15,0,0.147376116753587,0.238891788399256,0,0.0928678785104754,0,0.026
7.16,0,0.147788040543901,0.239048714791987,0,0.0929193491371759,0,0.026
7.17,0,0.148198021683183,0.239204181586357,0,0.0929702683129214,0,0.026
7.18,0,0.148606043673493,0.239358195589818,0,0.0930206395824315,0,0.026
7.19,0,0.149012090236179,0.23951076365741,0,0.0930704665030919,0,0.026
7.2,0,0.149416145314554,0.239661892690484,0,0.0931197526442839,0,0.026
7.21,0,0.14981819307653,0.239811589635435,0,0.0931685015867154,0,0.026
7.22,0,0.15021821791721,0.239959861482429,0,0.0932167169217543,0,0.026
7.23,0,0.150616204461425,0.240106715264134,0,0.093264402250766,0,0.026
7.24,0,0.151012137566233,0.240252158054456,0,0.0933115611844531,0,0.026
7.25,0,0.151406002323361,0.240396196967276,0,0.0933581973421994,0,0.026
7.26,0,0.151797784061606,0.240538839155187,0,0.0934043143514166,0,0.026
7.27,0,0.152187468349184,0.240680091808244,0,0.0934499158468957,0,0.026
7.28,0,0.152575040996025,0.24081996215271,0,0.0934950054701626,0,0.026
7.29,0,0.152960488056026,0.240958457449809,0,0.0935395868688372,0,0.026
7.3,0,0.153343795829246,0.241095584994487,0,0.0935836636959981,0,0.026
7.31,0,0.153724950864055,0.241231352114176,0,0.0936272396095511,0,0.026
7.32,0,0.154103939959224,0.241365766167563,0,0.0936703182716036,0,0.026
7.33,0,0.154480750165971,0.241498834543369,0,0.0937129033478434,0,0.026
7.34,0,0.15485536878995,0.241630564659134,0,0.0937549985069233,0,0.026
7.35,0,0.155227783393182,0.241760963960007,0,0.0937966074198512,0,0.026
7.36,0,0.155597981795945,0.241890039917545,0,0.0938377337593859,0,0.026
7.37,0,0.155965952078592,0.242017800028524,0,0.0938783811994388,0,0.026
7.38,0,0.156331682583334,0.242144251813749,0,0.093918553414482,0,0.026
7.39,0,0.156695161915948,0.242269402816885,0,0.093958254078962,0,0.026
7.4,0,0.157056378947448,0.242393260603288,0,0.0939974868667209,0,0.026
7.41,0,0.157415322815686,0.242515832758848,0,0.0940362554504231,0,0.026
7.42,0,0.157771982926904,0.242637126888844,0,0.0940745635009899,0,0.026
7.43,0,0.158126348957227,0.242757150616809,0,0.09411241468704,0,0.026
7.44,0,0.158478410854103,0.242875911583401,0,0.094149812674338,0,0.026
7.45,0,0.158828158837676,0.242993417445293,0,0.0941867611252494,0,0.026
7.46,0,0.159175583402117,0.243109675874067,0,0.0942232636982034,0,0.026
7.47,0,0.15952067531688,0.24322469455512,0,0.0942593240471633,0,0.026
7.48,0,0.159863425627914,0.243338481186589,0,0.0942949458211042,0,0.026
7.49,0,0.160203825658808,0.243451043478279,0,0.0943301326634988,0,0.026
7.5,0,0.160541867011885,0.243562389150611,0,0.0943648882118108,0,0.026
7.51,0,0.160877541569225,0.243672525933574,0,0.0943992160969967,0,0.026
7.52,0,0.161210841493646,0.2437814615657,0,0.0944331199430152,0,0.026
7.53,0,0.161541759229612,0.243889203793045,0,0.0944666033663456,0,0.026
7.54,0,0.161870287504087,0.243995760368183,0,0.0944996699755135,0,0.026
7.55,0,0.162196419327329,0.24410113904922,0,0.0945323233706262,0,0.026
7.56,0,0.162520147993631,0.244205347598816,0,0.0945645671429153,0,0.026
7.57,0,0.162841467081986,0.244308393783221,0,0.0945964048742889,0,0.026
7.58,0,0.163160370456713,0.244410285371329,0,0.094627840136892,0,0.026
7.59,0,0.163476852268006,0.244511030133742,0,0.0946588764926761,0,0.026
7.6,0,0.163790906952432,0.244610635841852,0,0.0946895174929767,0,0.026
7.61,0,0.164102529233371,0.244709110266939,0,0.094719766678101,0,0.026
7.62,0,0.164411714121388,0.244806461179273,0,0.0947496275769237,0,0.026
7.63,0,0.164718456914551,0.244902696347248,0,0.0947791037064919,0,0.026
7.64,0,0.165022753198686,0.244997823536516,0,0.0948081985716391,0,0.026
7.65,0,0.165324598847581,0.245091850509147,0,0.0948369156646088,0,0.026
7.66,0,0.165623990023113,0.245184785022793,0,0.0948652584646865,0,0.026
7.67,0,0.165920923175334,0.24527663482988,0,0.0948932304378413,0,0.026
7.68,0,0.166215395042483,0.24536740767681,0,0.0949208350363768,0,0.026
7.69,0,0.166507402650947,0.24545711130317,0,0.0949480756985911,0,0.026
7.7,0,0.166796943315161,0.245545753440975,0,0.0949749558484457,0,0.026
7.71,0,0.167084014637444,0.24563334181391,0,0.0950014788952445,0,0.026
7.72,0,0.16736861450778,0.245719884136593,0,0.0950276482333214,0,0.026
7.73,0,0.167650741103544,0.24580538811386,0,0.0950534672417374,0,0.026
7.74,0,0.167930392889156,0.245889861440058,0,0.0950789392839871,0,0.026
7.75,0,0.168207568615691,0.245973311798356,0,0.0951040677077142,0,0.026
7.76,0,0.168482267320425,0.246055746860074,0,0.0951288558444369,0,0.026
7.77,0,0.168754488326314,0.246137174284023,0,0.0951533070092813,0,0.026
7.78,0,0.169024231241432,0.246217601715867,0,0.0951774245007259,0,0.026
7.79,0,0.169291495958337,0.246297036787499,0,0.0952012116003536,0,0.026
7.8,0,0.169556282653387,0.246375487116426,0,0.0952246715726136,0,0.026
7.81,0,0.169818591785993,0.246452960305182,0,0.0952478076645927,0,0.026
7.82,0,0.170078424097822,0.246529463940744,0,0.0952706231057956,0,0.026
7.83,0,0.170335780611939,0.246605005593976,0,0.0952931211079335,0,0.026
7.84,0,0.170590662631891,0.246679592819074,0,0.0953153048647231,0,0.026
7.85,0,0.170843071740741,0.246753233153044,0,0.0953371775516934,0,0.026
7.86,0,0.17109300980004,0.246825934115179,0,0.095358742326002,0,0.026
7.87,0,0.171340478948748,0.246897703206562,0,0.0953800023262602,0,0.026
7.88,0,0.171585481602097,0.246968547909579,0,0.095400960672367,0,0.026
7.89,0,0.171828020450405,0.247038475687449,0,0.0954216204653513,0,0.026
7.9,0,0.172068098457825,0.247107493983771,0,0.0954419847872237,0,0.026
7.91,0,0.172305718861055,0.24717561022208,0,0.0954620567008359,0,0.026
7.92,0,0.172540885167983,0.247242831805425,0,0.0954818392497495,0,0.026
7.93,0,0.17277360115628,0.247309166115953,0,0.0955013354581124,0,0.026
7.94,0,0.173003870871952,0.247374620514521,0,0.0955205483305444,0,0.026
7.95,0,0.173231698627825,0.247439202340303,0,0.0955394808520303,0,0.026
7.96,0,0.173457089001986,0.24750291891043,0,0.0955581359878217,0,0.026
7.97,0,0.173680046836176,0.247565777519635,0,0.0955765166833466,0,0.026
7.98,0,0.173900577234128,0.247627785439906,0,0.0955946258641271,0,0.026
7.99,0,0.174118685559851,0.247688949920169,0,0.0956124664357048,0,0.026
8,0,0.174334377435877,0.247749278185966,0,0.0956300412835741,0,0.026
8.01,0,0.174547658741447,0.247808777439162,0,0.0956473532731233,0,0.026
8.02,0,0.174758535610654,0.247867454857652,0,0.0956644052495826,0,0.026
8.03,0,0.17496701443054,0.24792531759509,0,0.0956812000379807,0,0.026
8.04,0,0.175173101839139,0.247982372780627,0,0.0956977404431074,0,0.026
8.05,0,0.175376804723483,0.248038627518663,0,0.0957140292494841,0,0.026
8.06,0,0.175578130217551,0.248094088888604,0,0.0957300692213415,0,0.026
8.07,0,0.175777085700183,0.248148763944646,0,0.0957458631026038,0,0.026
8.08,0,0.17597367879294,0.248202659715555,0,0.0957614136168798,0,0.026
8.09,0,0.17616791735793,0.248255783204464,0,0.095776723467461,0,0.026
8.1,0,0.176359809495577,0.24830814138869,0,0.0957917953373258,0,0.026
8.11,0,0.176549363542358,0.248359741219543,0,0.0958066318891506,0,0.026
8.12,0,0.176736588068497,0.248410589622167,0,0.0958212357653267,0,0.026
8.13,0,0.176921491875607,0.248460693495377,0,0.0958356095879834,0,0.026
8.14,0,0.177104083994304,0.248510059711508,0,0.0958497559590177,0,0.026
8.15,0,0.177284373681775,0.248558695116281,0,0.0958636774601291,0,0.026
8.16,0,0.1774623704193,0.248606606528671,0,0.0958773766528603,0,0.026
8.17,0,0.177638083909747,0.24865380074079,0,0.0958908560786439,0,0.026
8.18,0,0.177811524075021,0.248700284517773,0,0.0959041182588539,0,0.026
8.19,0,0.177982701053474,0.248746064597681,0,0.0959171656948627,0,0.026
8.2,0,0.178151625197284,0.248791147691403,0,0.0959300008681038,0,0.026
8.21,0,0.178318307069795,0.248835540482576,0,0.0959426262401382,0,0.026
8.22,0,0.178482757442815,0.248879249627504,0,0.0959550442527271,0,0.026
8.23,0,0.178644987293895,0.248922281755092,0,0.0959672573279078,0,0.026
8.24,0,0.178805007803553,0.248964643466783,0,0.0959792678680755,0,0.026
8.25,0,0.178962830352484,0.249006341336504,0,0.0959910782560684,0,0.026
8.26,0,0.179118466518723,0.249047381910616,0,0.0960026908552574,0,0.026
8.27,0,0.179271928074785,0.249087771707878,0,0.09601410800964,0,0.026
8.28,0,0.179423226984768,0.249127517219406,0,0.096025332043938,0,0.026
8.29,0,0.179572375401431,0.249166624908651,0,0.0960363652636987,0,0.026
8.3,0,0.179719385663234,0.249205101211368,0,0.0960472099553997,0,0.026
8.31,0,0.179864270291362,0.249242952535603,0,0.0960578683865576,0,0.026
8.32,0,0.180007041986703,0.249280185261681,0,0.0960683428058397,0,0.026
8.33,0,0.180147713626817,0.249316805742193,0,0.0960786354431783,0,0.026
8.34,0,0.180286298262864,0.249352820301999,0,0.0960887485098886,0,0.026
8.35,0,0.180422809116514,0.249388235238223,0,0.0960986841987896,0,0.026
8.36,0,0.180557259576828,0.249423056820261,0,0.0961084446843266,0,0.026
8.37,0,0.180689663197117,0.249457291289788,0,0.0961180321226972,0,0.026
8.38,0,0.180820033691777,0.24949094486077,0,0.0961274486519792,0,0.026
8.39,0,0.180948384933094,0.249524023719478,0,0.0961366963922606,0,0.026
8.4,0,0.181074730948042,0.249556534024506,0,0.096145777445772,0,0.026
8.41,0,0.181199085915045,0.249588481906791,0,0.0961546938970206,0,0.026
8.42,0,0.181321464160722,0.249619873469633,0,0.0961634478129256,0,0.026
8.43,0,0.181441880156619,0.249650714788723,0,0.096172041242956,0,0.026
8.44,0,0.181560348515916,0.249681011912164,0,0.0961804762192689,0,0.026
8.45,0,0.18167688399011,0.249710770860502,0,0.09618875475685,0,0.026
8.46,0,0.181791501465697,0.249739997626752,0,0.0961968788536544,0,0.026
8.47,0,0.18190421596082,0.249768698176425,0,0.0962048504907486,0,0.026
8.48,0,0.182015042621909,0.249796878447562,0,0.0962126716324539,0,0.026
8.49,0,0.182123996720306,0.24982454435076,0,0.0962203442264897,0,0.026
8.5,0,0.182231093648876,0.249851701769203,0,0.0962278702041179,0,0.026
8.51,0,0.182336348918599,0.249878356558691,0,0.0962352514802871,0,0.026
8.52,0,0.182439778155154,0.249904514547669,0,0.0962424899537783,0,0.026
8.53,0,0.182541397095491,0.249930181537259,0,0.0962495875073489,0,0.026
8.54,0,0.182641221584385,0.24995536330128,0,0.0962565460078785,0,0.026
8.55,0,0.182739267570991,0.24998006558628,0,0.0962633673065135,0,0.026
8.56,0,0.182835551105377,0.250004294111559,0,0.0962700532388118,0,0.026
8.57,0,0.182930088335054,0.250028054569192,0,0.0962766056248869,0,0.026
8.58,0,0.183022895501498,0.250051352624049,0,0.0962830262695518,0,0.026
8.59,0,0.183113988936663,0.250074193913815,0,0.0962893169624621,0,0.026
8.6,0,0.183203385059484,0.250096584049008,0,0.0962954794782582,0,0.026
8.61,0,0.183291100372379,0.250118528612989,0,0.0963015155767069,0,0.026
8.62,0,0.183377151457744,0.25014003316198,0,0.0963074270028417,0,0.026
8.63,0,0.18346155497444,0.250161103225064,0,0.0963132154871025,0,0.026
8.64,0,0.18354432765428,0.250181744304198,0,0.0963188827454734,0,0.026
8.65,0,0.18362548629851,0.250201961874207,0,0.0963244304796195,0,0.026
8.66,0,0.183705047774289,0.250221761382792,0,0.0963298603770226,0,0.026
8.67,0,0.183783029011167,0.250241148250516,0,0.0963351741111147,0,0.026
8.68,0,0.183859446997562,0.250260127870798,0,0.0963403733414104,0,0.026
8.69,0,0.183934318777234,0.2502787056099,0,0.0963454597136372,0,0.026
8.7,0,0.184007661445762,0.250296886806911,0,0.0963504348598644,0,0.026
8.71,0,0.184079492147022,0.250314676773721,0,0.0963553003986293,0,0.026
8.72,0,0.184149828069666,0.250332080794997,0,0.0963600579350625,0,0.026
8.73,0,0.184218686443601,0.250349104128154,0,0.0963647090610099,0,0.026
8.74,0,0.184286084536475,0.250365752003314,0,0.0963692553551534,0,0.026
8.75,0,0.184352039650164,0.25038202962327,0,0.0963736983831291,0,0.026
8.76,0,0.184416569117264,0.250397942163438,0,0.0963780396976425,0,0.026
8.77,0,0.18447969029759,0.250413494771806,0,0.0963822808385826,0,0.026
8.78,0,0.184541420574673,0.250428692568879,0,0.0963864233331323,0,0.026
8.79,0,0.184601777352277,0.250443540647615,0,0.0963904686958768,0,0.026
8.8,0,0.184660778050907,0.250458044073361,0,0.0963944184289092,0,0.026
8.81,0,0.184718440104339,0.250472207883779,0,0.0963982740219335,0,0.026
8.82,0,0.184774780956148,0.250486037088765,0,0.0964020369523647,0,0.026
8.83,0,0.184829818056247,0.250499536670369,0,0.0964057086854266,0,0.026
8.84,0,0.184883568857442,0.250512711582706,0,0.0964092906742458,0,0.026
8.85,0,0.184936050811986,0.250525566751853,0,0.0964127843599437,0,0.026
8.86,0,0.184987281368156,0.250538107075756,0,0.096416191171725,0,0.026
8.87,0,0.185037277966827,0.250550337424118,0,0.0964195125269636,0,0.026
8.88,0,0.185086058038072,0.250562262638287,0,0.0964227498312848,0,0.026
8.89,0,0.185133638997765,0.250573887531134,0,0.0964259044786455,0,0.026
8.9,0,0.185180038244201,0.25058521688693,0,0.09642897785141,0,0.026
8.91,0,0.185225273154726,0.250596255461215,0,0.0964319713204237,0,0.026
8.92,0,0.185269361082387,0.250607007980655,0,0.096434886245083,0,0.026
8.93,0,0.18531231935259,0.250617479142906,0,0.0964377239734025,0,0.026
8.94,0,0.18535416525978,0.250627673616457,0,0.0964404858420784,0,0.026
8.95,0,0.185394916064128,0.250637596040475,0,0.0964431731765493,0,0.026
8.96,0,0.185434588988242,0.250647251024648,0,0.096445787291053,0,0.026
8.97,0,0.185473201213893,0.25065664314901,0,0.0964483294886809,0,0.026
8.98,0,0.185510769878755,0.250665776963769,0,0.0964508010614286,0,0.026
8.99,0,0.185547312073166,0.250674656989129,0,0.0964532032902431,0,0.026
9,0,0.185582844836906,0.250683287715101,0,0.0964555374450672,0,0.026
9.01,0,0.185617385155994,0.250691673601309,0,0.0964578047848802,0,0.026
9.02,0,0.185650949959503,0.250699819076796,0,0.0964600065577354,0,0.026
9.03,0,0.185683556116398,0.250707728539818,0,0.0964621440007949,0,0.026
9.04,0,0.185715220432391,0.250715406357632,0,0.09646421834036,0,0.026
9.05,0,0.185745959646815,0.250722856866284,0,0.0964662307918994,0,0.026
9.06,0,0.185775790429526,0.250730084370384,0,0.0964681825600737,0,0.026
9.07,0,0.185804729377819,0.250737093142883,0,0.0964700748387568,0,0.026
9.08,0,0.18583279301337,0.250743887424839,0,0.096471908811054,0,0.026
9.09,0,0.1858599977792,0.250750471425177,0,0.0964736856493171,0,0.026
9.1,0,0.185886360036658,0.250756849320452,0,0.0964754065151559,0,0.026
9.11,0,0.185911896062435,0.250763025254593,0,0.0964770725594476,0,0.026
9.12,0,0.185936622045592,0.250769003338658,0,0.0964786849223416,0,0.026
9.13,0,0.18596055408462,0.250774787650569,0,0.0964802447332631,0,0.026
9.14,0,0.18598370818452,0.250780382234855,0,0.0964817531109116,0,0.026
9.15,0,0.186006100253907,0.250785791102378,0,0.0964832111632584,0,0.026
9.16,0,0.186027746102144,0.250791018230066,0,0.0964846199875398,0,0.026
9.17,0,0.186048661436495,0.250796067560635,0,0.0964859806702482,0,0.026
9.18,0,0.18606886185931,0.250800943002306,0,0.0964872942871196,0,0.026
9.19,0,0.18608836286523,0.250805648428522,0,0.0964885619031192,0,0.026
9.2,0,0.186107179838425,0.250810187677657,0,0.0964897845724236,0,0.026
9.21,0,0.18612532804985,0.250814564552725,0,0.0964909633384005,0,0.026
9.22,0,0.18614282265454,0.250818782821083,0,0.0964920992335858,0,0.026
9.23,0,0.186159678688922,0.250822846214126,0,0.0964931932796582,0,0.026
9.24,0,0.186175911068157,0.250826758426992,0,0.0964942464874111,0,0.026
9.25,0,0.186191534583514,0.250830523118247,0,0.0964952598567219,0,0.026
9.26,0,0.186206563899773,0.250834143909579,0,0.0964962343765196,0,0.026
9.27,0,0.186221013552645,0.250837624385484,0,0.0964971710247493,0,0.026
9.28,0,0.186234897946238,0.250840968092952,0,0.0964980707683345,0,0.026
9.29,0,0.186248231350536,0.250844178541146,0,0.0964989345631378,0,0.026
9.3,0,0.186261027898922,0.250847259201085,0,0.096499763353919,0,0.026
9.31,0,0.186273301585719,0.250850213505318,0,0.096500558074291,0,0.026
9.32,0,0.186285066263763,0.250853044847602,0,0.0965013196466742,0,0.026
9.33,0,0.186296335642017,0.250855756582577,0,0.0965020489822488,0,0.026
9.34,0,0.186307123283197,0.250858352025432,0,0.0965027469809046,0,0.026
9.35,0,0.186317442601447,0.250860834451585,0,0.0965034145311904,0,0.026
9.36,0,0.18632730686003,0.250863207096344,0,0.0965040525102604,0,0.026
9.37,0,0.18633672916906,0.250865473154581,0,0.0965046617838197,0,0.026
9.38,0,0.18634572248326,0.250867635780398,0,0.096505243206068,0,0.026
9.39,0,0.186354299599755,0.250869698086795,0,0.0965057976196423,0,0.026
9.4,0,0.18636247315589,0.250871663145337,0,0.0965063258555572,0,0.026
9.41,0,0.18637025562709,0.250873533985819,0,0.0965068287331454,0,0.026
9.42,0,0.186377659324746,0.250875313595937,0,0.0965073070599954,0,0.026
9.43,0,0.186384696394129,0.25087700492095,0,0.0965077616318894,0,0.026
9.44,0,0.186391378812346,0.250878610863354,0,0.0965081932327394,0,0.026
9.45,0,0.186397718386322,0.250880134282544,0,0.0965086026345225,0,0.026
9.46,0,0.186403726750815,0.250881577994486,0,0.0965089905972157,0,0.026
9.47,0,0.186409415366469,0.250882944771389,0,0.0965093578687291,0,0.026
9.48,0,0.186414795517892,0.250884237341375,0,0.0965097051848394,0,0.026
9.49,0,0.186419878311773,0.250885458388152,0,0.0965100332691219,0,0.026
9.5,0,0.186424674675034,0.250886610550689,0,0.0965103428328826,0,0.026
9.51,0,0.186429195353005,0.250887696422894,0,0.0965106345750893,0,0.026
9.52,0,0.186433450907646,0.250888718553292,0,0.0965109091823031,0,0.026
9.53,0,0.186437451715796,0.250889679444707,0,0.0965111673286086,0,0.026
9.54,0,0.186441207967452,0.250890581553947,0,0.0965114096755449,0,0.026
9.55,0,0.186444729664088,0.250891427291489,0,0.0965116368720357,0,0.026
9.56,0,0.186448026617011,0.250892219021168,0,0.09651184955432,0,0.026
9.57,0,0.186451108445737,0.250892959059875,0,0.0965120483458823,0,0.026
9.58,0,0.18645398457642,0.250893649677246,0,0.0965122338573834,0,0.026
9.59,0,0.186456664240298,0.25089429309537,0,0.0965124066865913,0,0.026
9.6,0,0.186459156472189,0.250894891488485,0,0.0965125674183119,0,0.026
9.61,0,0.186461470109006,0.250895446982693,0,0.096512716624321,0,0.026
9.62,0,0.186463613788322,0.250895961655666,0,0.0965128548632959,0,0.026
9.63,0,0.186465595946956,0.250896437536364,0,0.0965129826807481,0,0.026
9.64,0,0.186467424819605,0.250896876604761,0,0.0965131006089564,0,0.026
9.65,0,0.186469108437503,0.25089728079156,0,0.0965132091669006,0,0.026
9.66,0,0.186470654627117,0.250897651977935,0,0.0965133088601961,0,0.026
9.67,0,0.186472071008883,0.25089799199526,0,0.0965134001810295,0,0.026
9.68,0,0.18647336499597,0.250898302624849,0,0.0965134836080946,0,0.026
9.69,0,0.18647454379308,0.250898585597707,0,0.0965135596065303,0,0.026
9.7,0,0.186475614395291,0.250898842594279,0,0.0965136286278581,0,0.026
9.71,0,0.186476583586925,0.250899075244209,0,0.0965136911099225,0,0.026
9.72,0,0.186477457940457,0.250899285126103,0,0.0965137474768313,0,0.026
9.73,0,0.186478243815458,0.250899473767299,0,0.0965137981388974,0,0.026
9.74,0,0.186478947357577,0.250899642643644,0,0.0965138434925826,0,0.026
9.75,0,0.186479574497548,0.250899793179274,0,0.0965138839204416,0,0.026
9.76,0,0.186480130950246,0.250899926746408,0,0.0965139197910691,0,0.026
9.77,0,0.186480622213772,0.250900044665138,0,0.0965139514590462,0,0.026
9.78,0,0.186481053568569,0.250900148203237,0,0.0965139792648909,0,0.026
9.79,0,0.186481430076582,0.250900238575965,0,0.0965140035350081,0,0.026
9.8,0,0.186481756580449,0.250900316945887,0,0.0965140245816423,0,0.026
9.81,0,0.186482037702731,0.250900384422698,0,0.096514042702832,0,0.026
9.82,0,0.186482277845172,0.250900442063052,0,0.0965140581823656,0,0.026
9.83,0,0.186482481188,0.250900490870404,0,0.0965140712897396,0,0.026
9.84,0,0.186482651689262,0.250900531794856,0,0.0965140822801176,0,0.026
9.85,0,0.186482793084196,0.250900565733006,0,0.0965140913942928,0,0.026
9.86,0,0.186482908884633,0.250900593527818,0,0.0965140988586511,0,0.026
9.87,0,0.186483002378448,0.250900615968486,0,0.0965141048851369,0,0.026
9.88,0,0.186483076629029,0.250900633790314,0,0.0965141096712205,0,0.026
9.89,0,0.186483134474798,0.2509006476746,0,0.0965141133998684,0,0.026
9.9,0,0.186483178528759,0.250900658248535,0,0.0965141162395145,0,0.026
9.91,0,0.186483211178084,0.250900666085098,0,0.0965141183440346,0,0.026
9.92,0,0.186483234583734,0.250900671702971,0,0.0965141198527221,0,0.026
9.93,0,0.18648325068012,0.250900675566458,0,0.0965141208902666,0,0.026
9.94,0,0.186483261174795,0.250900678085411,0,0.0965141215667346,0,0.026
9.95,0,0.186483267548183,0.250900679615164,0,0.0965141219775517,0,0.026
9.96,0,0.186483271053349,0.25090068045648,0,0.0965141222034883,0,0.026
9.97,0,0.186483272715795,0.250900680855504,0,0.0965141223106466,0,0.026
9.98,0,0.186483273333305,0.25090068100372,0,0.0965141223504501,0,0.026
9.99,0,0.186483273475811,0.250900681037924,0,0.0965141223596359,0,0.026
10,0,0.186483273485312,0.250900681040205,0,0.0965141223602482,0,0.026
10.01,0,0.186483273475811,0.250900681037924,0,0.0965141223596359,0,0.026
10.02,0,0.186483273475811,0.250900681037924,0,0.0965141223596359,0,0.026
10.03,0,0.186483273475811,0.250900681037924,0,0.0965141223596359,0,0.026
10.04,0,0.186483273475811,0.250900681037924,0,0.0965141223596359,0,0.026
10.05,0,0.186483273475811,0.250900681037924,0,0.0965141223596359,0,0.026
10.06,0,0.186483273475811,0.250900681037924,0,0.0965141223596359,0,0.026
10.07,0,0.186483273475811,0.250900681037924,0,0.0965141223596359,0,0.026
10.08,0,0.186483273475811,0.250900681037924,0,0.0965141223596359,0,0.026
10.09,0,0.186483273475811,0.250900681037924,0,0.0965141223596359,0,0.026
10.1,0,0.186483273475811,0.250900681037924,0,0.0965141223596359,0,0.026
10.11,0,0.186483273475811,0.250900681037924,0,0.0965141223596359,0,0.026
10.12,0,0.186483273475811,0.250900681037924,0,0.0965141223596359,0,0.026
10.13,0,0.186483273475811,0.250900681037924,0,0.0965141223596359,0,0.026
10.14,0,0.186483273475811,0.250900681037924,0,0.0965141223596359,0,0.026
10.15,0,0.186483273475811,0.250900681037924,0,0.0965141223596359,0,0.026
10.16,0,0.186483273475811,0.250900681037924,0,0.0965141223596359,0,0.026
10.17,0,0.186483273475811,0.250900681037924,0,0.0965141223596359,0,0.026
10.18,0,0.186483273475811,0.250900681037924,0,0.0965141223596359,0,0.026
10.19,0,0.186483273475811,0.250900681037924,0,0.0965141223596359,0,0.026
10.2,0,0.186483273475811,0.250900681037924,0,0.0965141223596359,0,0.026
10.21,0,0.186483273475811,0.250900681037924,0,0.0965141223596359,0,0.026
10.22,0,0.186483273475811,0.250900681037924,0,0.0965141223596359,0,0.026
10.23,0,0.186483273475811,0.250900681037924,0,0.0965141223596359,0,0.026
10.24,0,0.186483273475811,0.250900681037924,0,0.0965141223596359,0,0.026
10.25,0,0.186483273475811,0.250900681037924,0,0.0965141223596359,0,0.026
10.26,0,0.186483273475811,0.250900681037924,0,0.0965141223596359,0,0.026
10.27,0,0.186483273475811,0.250900681037924,0,0.0965141223596359,0,0.026
10.28,0,0.186483273475811,0.250900681037924,0,0.0965141223596359,0,0.026
10.29,0,0.186483273475811,0.250900681037924,0,0.0965141223596359,0,0.026
10.3,0,0.186483273475811,0.250900681037924,0,0.0965141223596359,0,0.026
10.31,0,0.186483273475811,0.250900681037924,0,0.0965141223596359,0,0.026
10.32,0,0.186483273475811,0.250900681037924,0,0.0965141223596359,0,0.026
10.33,0,0.186483273475811,0.250900681037924,0,0.0965141223596359,0,0.026
10.34,0,0.186483273475811,0.250900681037924,0,0.0965141223596359,0,0.026
10.35,0,0.186483273475811,0.250900681037924,0,0.0965141223596359,0,0.026
10.36,0,0.186483273475811,0.250900681037924,0,0.0965141223596359,0,0.026
10.37,0,0.186483273475811,0.250900681037924,0,0.0965141223596359,0,0.026
10.38,0,0.186483273475811,0.250900681037924,0,0.0965141223596359,0,0.026
10.39,0,0.186483273475811,0.250900681037924,0,0.0965141223596359,0,0.026
10.4,0,0.186483273475811,0.250900681037924,0,0.0965141223596359,0,0.026
10.41,0,0.186483273475811,0.250900681037924,0,0.0965141223596359,0,0.026
10.42,0,0.186483273475811,0.250900681037924,0,0.0965141223596359,0,0.026
10.43,0,0.186483273475811,0.250900681037924,0,0.0965141223596359,0,0.026
10.44,0,0.186483273475811,0.250900681037924,0,0.0965141223596359,0,0.026
10.45,0,0.186483273475811,0.250900681037924,0,0.0965141223596359,0,0.026
10.46,0,0.186483273475811,0.250900681037924,0,0.0965141223596359,0,0.026
10.47,0,0.186483273475811,0.250900681037924,0,0.0965141223596359,0,0.026
10.48,0,0.186483273475811,0.250900681037924,0,0.0965141223596359,0,0.026
10.49,0,0.186483273475811,0.250900681037924,0,0.0965141223596359,0,0.026
10.5,0,0.186483273475811,0.250900681037924,0,0.0965141223596359,0,0.026
10.51,0,0.186483273475811,0.250900681037924,0,0.0965141223596359,0,0.026
10.52,0,0.186483273475811,0.250900681037924,0,0.0965141223596359,0,0.026
10.53,0,0.186483273475811,0.250900681037924,0,0.0965141223596359,0,0.026
10.54,0,0.186483273475811,0.250900681037924,0,0.0965141223596359,0,0.026
10.55,0,0.186483273475811,0.250900681037924,0,0.0965141223596359,0,0.026
10.56,0,0.186483273475811,0.250900681037924,0,0.0965141223596359,0,0.026
10.57,0,0.186483273475811,0.250900681037924,0,0.0965141223596359,0,0.026
10.58,0,0.186483273475811,0.250900681037924,0,0.0965141223596359,0,0.026
10.59,0,0.186483273475811,0.250900681037924,0,0.0965141223596359,0,0.026
10.6,0,0.186483273475811,0.250900681037924,0,0.0965141223596359,0,0.026
10.61,0,0.186483273475811,0.250900681037924,0,0.0965141223596359,0,0.026
10.62,0,0.186483273475811,0.250900681037924,0,0.0965141223596359,0,0.026
10.63,0,0.186483273475811,0.250900681037924,0,0.0965141223596359,0,0.026
10.64,0,0.186483273475811,0.250900681037924,0,0.0965141223596359,0,0.026
10.65,0,0.186483273475811,0.250900681037924,0,0.0965141223596359,0,0.026
10.66,0,0.186483273475811,0.250900681037924,0,0.0965141223596359,0,0.026
10.67,0,0.186483273475811,0.250900681037924,0,0.0965141223596359,0,0.026
10.68,0,0.186483273475811,0.250900681037924,0,0.0965141223596359,0,0.026
10.69,0,0.186483273475811,0.250900681037924,0,0.0965141223596359,0,0.026
10.7,0,0.186483273475811,0.250900681037924,0,0.0965141223596359,0,0.026
10.71,0,0.186483273475811,0.250900681037924,0,0.0965141223596359,0,0.026
10.72,0,0.186483273475811,0.250900681037924,0,0.0965141223596359,0,0.026
10.73,0,0.186483273475811,0.250900681037924,0,0.0965141223596359,0,0.026
10.74,0,0.186483273475811,0.250900681037924,0,0.0965141223596359,0,0.026
10.75,0,0.186483273475811,0.250900681037924,0,0.0965141223596359,0,0.026
10.76,0,0.186483273475811,0.250900681037924,0,0.0965141223596359,0,0.026
10.77,0,0.186483273475811,0.250900681037924,0,0.0965141223596359,0,0.026
10.78,0,0.186483273475811,0.250900681037924,0,0.0965141223596359,0,0.026
10.79,0,0.186483273475811,0.250900681037924,0,0.0965141223596359,0,0.026
10.8,0,0.186483273475811,0.250900681037924,0,0.0965141223596359,0,0.026
10.81,0,0.186483273475811,0.250900681037924,0,0.0965141223596359,0,0.026
10.82,0,0.186483273475811,0.250900681037924,0,0.0965141223596359,0,0.026
10.83,0,0.186483273475811,0.250900681037924,0,0.0965141223596359,0,0.026
10.84,0,0.186483273475811,0.250900681037924,0,0.0965141223596359,0,0.026
10.85,0,0.186483273475811,0.250900681037924,0,0.0965141223596359,0,0.026
10.86,0,0.186483273475811,0.250900681037924,0,0.0965141223596359,0,0.026
10.87,0,0.186483273475811,0.250900681037924,0,0.0965141223596359,0,0.026
10.88,0,0.186483273475811,0.250900681037924,0,0.0965141223596359,0,0.026
10.89,0,0.186483273475811,0.250900681037924,0,0.0965141223596359,0,0.026
10.9,0,0.186483273475811,0.250900681037924,0,0.0965141223596359,0,0.026
10.91,0,0.186483273475811,0.250900681037924,0,0.0965141223596359,0,0.026
10.92,0,0.186483273475811,0.250900681037924,0,0.0965141223596359,0,0.026
10.93,0,0.186483273475811,0.250900681037924,0,0.0965141223596359,0,0.026
10.94,0,0.186483273475811,0.250900681037924,0,0.0965141223596359,0,0.026
10.95,0,0.186483273475811,0.250900681037924,0,0.0965141223596359,0,0.026
10.96,0,0.186483273475811,0.250900681037924,0,0.0965141223596359,0,0.026
10.97,0,0.186483273475811,0.250900681037924,0,0.0965141223596359,0,0.026
10.98,0,0.186483273475811,0.250900681037924,0,0.0965141223596359,0,0.026
10.99,0,0.186483273475811,0.250900681037924,0,0.0965141223596359,0,0.026
11,0,0.186483273475811,0.250900681037924,0,0.0965141223596359,0,0.026
